INSERT INTO parameter_lists (id, display_name)
VALUES ('055175cf-61e8-445a-ab5b-0dbf69e48380'::uuid, 'Размер Колорадо');

INSERT INTO parameters (id, display_name, description, image_id, list_order, parameter_list_id)
VALUES ('60973861-3f6c-4472-b173-6773e732644e'::uuid, 'S', '50x50см', NULL, 0,
        '055175cf-61e8-445a-ab5b-0dbf69e48380'::uuid),
       ('94c6b090-4dca-4116-8a68-20742d3613ab'::uuid, 'M', '60x60см', NULL, 1,
        '055175cf-61e8-445a-ab5b-0dbf69e48380'::uuid),
       ('4425ead3-016e-470a-8f7d-02207be7a7c7'::uuid, 'L', '70x70см', NULL, 2,
        '055175cf-61e8-445a-ab5b-0dbf69e48380'::uuid),
       ('5d7eb450-16e8-4219-a59a-80a99019b1da'::uuid, 'XL', '80x80см', NULL, 3,
        '055175cf-61e8-445a-ab5b-0dbf69e48380'::uuid);
INSERT INTO parameter_lists (id, display_name)
VALUES ('1052ff77-c450-4174-a7d8-eb4c0a78d649'::uuid, 'Размер Норки');

INSERT INTO parameters (id, display_name, description, image_id, list_order, parameter_list_id)
VALUES ('d92435ff-3165-47a5-8c53-aba7489b144d'::uuid, 'XS', '50см', NULL, 0,
        '1052ff77-c450-4174-a7d8-eb4c0a78d649'::uuid),
       ('a06be21a-13e0-496b-8f1a-320dc84dee1b'::uuid, 'S', '60см', NULL, 1,
        '1052ff77-c450-4174-a7d8-eb4c0a78d649'::uuid),
       ('1516e27d-b606-4a1c-99a4-44502560f0b0'::uuid, 'M', '70см', NULL, 2,
        '1052ff77-c450-4174-a7d8-eb4c0a78d649'::uuid),
       ('67989176-2edb-42f0-829e-200c97c20459'::uuid, 'L', '80см', NULL, 3,
        '1052ff77-c450-4174-a7d8-eb4c0a78d649'::uuid);
INSERT INTO parameter_lists (id, display_name)
VALUES ('2c2bd0b6-40d1-4432-aafd-7b6a02195ca6'::uuid, 'Размер Подушки');

INSERT INTO parameters (id, display_name, description, image_id, list_order, parameter_list_id)
VALUES ('4af1fcc0-8a3b-444a-ba8b-1d2e18a56502'::uuid, 'S', '45x35см', NULL, 0,
        '2c2bd0b6-40d1-4432-aafd-7b6a02195ca6'::uuid),
       ('26e68c54-943a-40df-8359-db8500b4747f'::uuid, 'M', '60x40см', NULL, 1,
        '2c2bd0b6-40d1-4432-aafd-7b6a02195ca6'::uuid),
       ('b7e7a84e-c54a-40b5-9a41-90ad64af7886'::uuid, 'L', '65х45см', NULL, 2,
        '2c2bd0b6-40d1-4432-aafd-7b6a02195ca6'::uuid);
INSERT INTO parameter_lists (id, display_name)
VALUES ('06df31da-7984-4a44-824a-36f266b1bedf'::uuid, 'Размер Чемодана');

INSERT INTO parameters (id, display_name, description, image_id, list_order, parameter_list_id)
VALUES ('1252e8f0-532c-4572-a059-18863f0457cd'::uuid, 'S', '70x50см', NULL, 0,
        '06df31da-7984-4a44-824a-36f266b1bedf'::uuid),
       ('475e0454-24c1-44c0-bf2d-0c5299639b77'::uuid, 'M', '90x60см', NULL, 1,
        '06df31da-7984-4a44-824a-36f266b1bedf'::uuid),
       ('5173b18c-4319-4c73-b57f-a44d7d058223'::uuid, 'L', '110x70см', NULL, 2,
        '06df31da-7984-4a44-824a-36f266b1bedf'::uuid),
       ('4b9dfd19-2df8-4bc6-8524-158957858970'::uuid, 'XL', '120x80см', NULL, 3,
        '06df31da-7984-4a44-824a-36f266b1bedf'::uuid),
       ('051d7a24-ed65-4550-a352-e8c1ea879dd2'::uuid, 'XXL', '140x100см', NULL, 4,
        '06df31da-7984-4a44-824a-36f266b1bedf'::uuid);
INSERT INTO parameter_lists (id, display_name)
VALUES ('22cb1f6a-fd0b-466f-aeb8-1b2a0d1ab589'::uuid, 'Размер Квадро');

INSERT INTO parameters (id, display_name, description, image_id, list_order, parameter_list_id)
VALUES ('e78e729c-00f6-42b5-873b-e59261a503c9'::uuid, 'XS', '50x40см', NULL, 0,
        '22cb1f6a-fd0b-466f-aeb8-1b2a0d1ab589'::uuid),
       ('85ae3f22-808d-4136-a7e6-9345791919bd'::uuid, 'S', '60x45см', NULL, 1,
        '22cb1f6a-fd0b-466f-aeb8-1b2a0d1ab589'::uuid),
       ('c189a362-bc35-4e21-8d13-1c44e11e3fe0'::uuid, 'M', '70x50см', NULL, 2,
        '22cb1f6a-fd0b-466f-aeb8-1b2a0d1ab589'::uuid),
       ('48e7a430-72d7-4e06-9e0b-c0363b09dccf'::uuid, 'L', '90х60см', NULL, 3,
        '22cb1f6a-fd0b-466f-aeb8-1b2a0d1ab589'::uuid),
       ('2290c21a-58e4-4035-847a-00646657503c'::uuid, 'XL', '110x70см', NULL, 4,
        '22cb1f6a-fd0b-466f-aeb8-1b2a0d1ab589'::uuid),
       ('9fb7defe-0961-4e11-85d5-1572bb92da36'::uuid, 'XXL', '140x100см', NULL, 5,
        '22cb1f6a-fd0b-466f-aeb8-1b2a0d1ab589'::uuid);
INSERT INTO parameter_lists (id, display_name)
VALUES ('ff50ea93-4616-4827-828f-13bbf2af73b3'::uuid, 'Размер Лукошко');

INSERT INTO parameters (id, display_name, description, image_id, list_order, parameter_list_id)
VALUES ('00e7e17d-2c55-4217-816a-b79fbedb6cfc'::uuid, 'XS', 'Диаметр 50см', NULL, 0,
        'ff50ea93-4616-4827-828f-13bbf2af73b3'::uuid),
       ('00662e87-c18d-4582-bdf1-368a41b75b56'::uuid, 'S', 'Диаметр 60см', NULL, 1,
        'ff50ea93-4616-4827-828f-13bbf2af73b3'::uuid),
       ('0cad62e9-fa5f-423c-84f0-ced8725be9a0'::uuid, 'M', 'Диаметр 70см', NULL, 2,
        'ff50ea93-4616-4827-828f-13bbf2af73b3'::uuid),
       ('7aa8ded3-e474-4586-b9a6-83929cd0729e'::uuid, 'L', 'Диаметр 80см', NULL, 3,
        'ff50ea93-4616-4827-828f-13bbf2af73b3'::uuid);
INSERT INTO parameter_lists (id, display_name)
VALUES ('cff27f33-669f-453b-96fe-80fa7ca64f2f'::uuid, 'Размер Кресла');

INSERT INTO parameters (id, display_name, description, image_id, list_order, parameter_list_id)
VALUES ('b3d882c0-6aac-4a99-ac8c-e70ed79ea351'::uuid, 'S', '30x30x23см', NULL, 0,
        'cff27f33-669f-453b-96fe-80fa7ca64f2f'::uuid),
       ('ebcea303-5a1c-433a-be34-4305858e8b83'::uuid, 'M', '45x45x37см', NULL, 1,
        'cff27f33-669f-453b-96fe-80fa7ca64f2f'::uuid);

INSERT INTO categories (id, readable_id, display_name, description)
VALUES ('c1097ad2-a93d-402b-a677-345d1522ed75'::uuid, 'beds', 'Лежанки', 'Лежанки для питомцев'),
       ('876b51d4-dcc0-45c9-8eaa-87dfd7e22d35'::uuid, 'ammo', 'Аммуниция', 'Аммуниция для питомцев');

INSERT INTO parameter_lists (id, display_name)
VALUES ('9f2c1294-7326-4654-a0c7-cc8e5bb367a9'::uuid, 'Тканина');
INSERT INTO parameter_lists (id, display_name)
VALUES ('b2623838-eb77-4079-ad1f-3d2a4a13e7b3'::uuid, 'Тканина');
INSERT INTO parameter_lists (id, display_name)
VALUES ('03fa17fe-1e9e-46be-8dbc-5612af75dbcb'::uuid, 'Тканина');

INSERT INTO images (id, src, alt, image_list_id, list_order)
VALUES ('b610656b-a9ef-495c-b1fe-9da6be3efc71'::uuid, '/fabrics/av/av-01.png', 'Ткань цвета алюминий', null, 0),
       ('59b030bb-548a-453c-833c-42a0015b107d'::uuid, '/fabrics/av/av-02.png', 'Ткань цвета серый туман', null, 0),
       ('dfb4836e-d59b-4d35-89d5-d5aa49a3c30f'::uuid, '/fabrics/av/av-04.png', 'Ткань цвета сантал', null, 0),
       ('1790cb97-f1b0-4170-8a61-eb4b66ee8962'::uuid, '/fabrics/av/av-06.png', 'Ткань цвета какао', null, 0),
       ('d91365be-19cf-4c19-887a-edc5eb23fa51'::uuid, '/fabrics/av/av-07.png', 'Ткань желтого цвета', null, 0),
       ('906b7208-2ad8-4bff-a0ab-2edba7b0d2c5'::uuid, '/fabrics/av/av-10.png', 'Ткань цвета пыльная роза', null, 0),
       ('4f660258-41fb-42e4-8dff-97bef9c8e6d8'::uuid, '/fabrics/av/av-11.png', 'Ткань цвета Бирюза', null, 0),
       ('a1679a28-9ab7-4365-92f7-22a1ee3964de'::uuid, '/fabrics/av/av-12.png', 'Ткань цвета изумруд', null, 0),
       ('d89cec83-60ae-47ef-ae4a-237345ce8ec9'::uuid, '/fabrics/av/av-13.png', 'Ткань цвета васаби', null, 0),
       ('8b2db8f2-7142-4663-8da4-4162f9d27e96'::uuid, '/fabrics/av/av-14.png', 'Ткань цвета астронавт', null, 0),
       ('24d88b3d-27ec-463d-8ff3-af68cb426fc9'::uuid, '/fabrics/av/av-15.png', 'Ткань цвета серебро', null, 0),
       ('6340796f-bf0b-4b29-b3ef-4d9fcb4fd60e'::uuid, '/fabrics/av/av-17.png', 'Ткань серого цвета', null, 0),
       ('e9b15f1a-7697-4e2e-8aa5-bc1ba68366a3'::uuid, '/fabrics/av/av-18.png', 'Черная ткань', null, 0),
       ('f19763a4-eab4-499c-b7e6-b0961e28151e'::uuid, '/fabrics/av/av-06-10.png', 'Ткань цвета какао и розы', null, 0),
       ('7c2e200d-4e27-4b88-9a04-cfee3c97262d'::uuid, '/fabrics/av/av-07-18.png', 'Ткань черного и розового цвета',
        null, 0),
       ('ee19269a-d2a9-4469-981d-10c9734308e5'::uuid, '/fabrics/av/av-18.png', 'Ткань черного цвета', null, 0),
       ('6f8de744-ee71-4ab5-aaf4-1184d5b16d35'::uuid, '/fabrics/vic/vic-20.JPG', 'Молочная ткань', null, 0),
       ('23af0f49-1887-4864-9f9c-fb09732c9f56'::uuid, '/fabrics/vic/vic-21.JPG', 'Ткань цвета капучино', null, 0),
       ('545ae52e-3c47-44bd-9989-f5e2ec9e4fd7'::uuid, '/fabrics/vic/vic-22.JPG', 'Ткань оливково серого цвета', null,
        0),
       ('ed166c5e-160b-47b2-b5c2-d627ea1f901e'::uuid, '/fabrics/vic/vic-32.JPG', 'Ткань цвета хиллари', null, 0),
       ('e2e77663-fc94-429c-9db1-45307c20f339'::uuid, '/fabrics/vic/vic-34.JPG', 'Ткань цвета кофе', null, 0),
       ('188fa06d-2dad-4612-a778-b0ea9ca5696a'::uuid, '/fabrics/vic/vic-36.JPG', 'Ткань цвета шоколад', null, 0),
       ('a954168b-e140-407c-952d-10f07bbf2558'::uuid, '/fabrics/vic/vic-66.JPG', 'Ткань цвета орхидея', null, 0),
       ('c0f807f9-4078-4c72-bd21-faedce8d9964'::uuid, '/fabrics/vic/vic-70.JPG', 'Ткань цвета васаби', null, 0),
       ('a1128365-8990-4e74-a68e-3bf16e33ae9f'::uuid, '/fabrics/vic/vic-80.JPG', 'Ткань цвета аквамарин', null, 0),
       ('39ca3a50-978e-414b-a1c5-28863fb83d2f'::uuid, '/fabrics/vic/vic-88.JPG', 'Ткань цвета синий зодиак', null, 0),
       ('3ceeb871-dcd8-4d97-afa4-8d9a516b0ce0'::uuid, '/fabrics/vic/vic-93.JPG', 'Ткань цвета серебро', null, 0),
       ('a7f5a370-eea8-4e65-a63a-bfe89480db69'::uuid, '/fabrics/vic/vic-100.JPG', 'Ткань цвета черный', null, 0);

INSERT INTO parameters (id, display_name, image_id, list_order, parameter_list_id)
VALUES ('80d76fdc-9a1a-4d82-8469-4a6c4df4241c'::uuid, 'Алюминий', 'b610656b-a9ef-495c-b1fe-9da6be3efc71'::uuid, 0,
        '9f2c1294-7326-4654-a0c7-cc8e5bb367a9'::uuid),
       ('551d256f-746f-4d38-bce9-7a6e8b989b3d'::uuid, 'Серый туман', '59b030bb-548a-453c-833c-42a0015b107d'::uuid, 1,
        '9f2c1294-7326-4654-a0c7-cc8e5bb367a9'::uuid),
       ('c2046102-da82-41f1-8cd5-cf77426e08eb'::uuid, 'Сантал', 'dfb4836e-d59b-4d35-89d5-d5aa49a3c30f'::uuid, 2,
        '9f2c1294-7326-4654-a0c7-cc8e5bb367a9'::uuid),
       ('0b2c637a-ec9d-446b-9c5b-1d4bd5ab4a1a'::uuid, 'Какао', '1790cb97-f1b0-4170-8a61-eb4b66ee8962'::uuid, 3,
        '9f2c1294-7326-4654-a0c7-cc8e5bb367a9'::uuid),
       ('6e1cdab2-5849-4410-a21f-6623ec34784f'::uuid, 'Желтый', 'd91365be-19cf-4c19-887a-edc5eb23fa51'::uuid, 4,
        '9f2c1294-7326-4654-a0c7-cc8e5bb367a9'::uuid),
       ('8294fb54-d31a-4f9a-a689-7850038f8985'::uuid, 'Пыльная роза', '906b7208-2ad8-4bff-a0ab-2edba7b0d2c5'::uuid, 5,
        '9f2c1294-7326-4654-a0c7-cc8e5bb367a9'::uuid),
       ('15fcb877-0030-47c4-ab3d-89eea546d85c'::uuid, 'Бирюза', '4f660258-41fb-42e4-8dff-97bef9c8e6d8'::uuid, 6,
        '9f2c1294-7326-4654-a0c7-cc8e5bb367a9'::uuid),
       ('d820c7e3-5a45-48f3-b199-128df22793b2'::uuid, 'Изумруд', 'a1679a28-9ab7-4365-92f7-22a1ee3964de'::uuid, 7,
        '9f2c1294-7326-4654-a0c7-cc8e5bb367a9'::uuid),
       ('0603c41e-859a-48c8-b3ec-a9d28ea4b021'::uuid, 'Гольфстрим', 'd89cec83-60ae-47ef-ae4a-237345ce8ec9'::uuid, 8,
        '9f2c1294-7326-4654-a0c7-cc8e5bb367a9'::uuid),
       ('383b7b3d-1cb6-4179-af8c-4fceb09bd7b2'::uuid, 'Астронавт', '8b2db8f2-7142-4663-8da4-4162f9d27e96'::uuid, 9,
        '9f2c1294-7326-4654-a0c7-cc8e5bb367a9'::uuid),
       ('7c9e49b8-a46b-437d-b841-02b3204a40d7'::uuid, 'Серебро', '24d88b3d-27ec-463d-8ff3-af68cb426fc9'::uuid, 10,
        '9f2c1294-7326-4654-a0c7-cc8e5bb367a9'::uuid),
       ('3397deb4-5258-46c7-83f1-a64d78e53b87'::uuid, 'Серый', '6340796f-bf0b-4b29-b3ef-4d9fcb4fd60e'::uuid, 11,
        '9f2c1294-7326-4654-a0c7-cc8e5bb367a9'::uuid),
       ('e30545ea-f80a-4496-b3be-698e0f2053cc'::uuid, 'Черный', 'e9b15f1a-7697-4e2e-8aa5-bc1ba68366a3'::uuid, 12,
        '9f2c1294-7326-4654-a0c7-cc8e5bb367a9'::uuid),
       ('b8384a60-92c0-4264-9318-fa94e3392ff8'::uuid, 'Какао и Роза', 'f19763a4-eab4-499c-b7e6-b0961e28151e'::uuid, 13,
        '9f2c1294-7326-4654-a0c7-cc8e5bb367a9'::uuid),
       ('fac988f6-5cde-4f06-af14-c8578567dc68'::uuid, 'Желтый и Черный', '7c2e200d-4e27-4b88-9a04-cfee3c97262d'::uuid,
        14, '9f2c1294-7326-4654-a0c7-cc8e5bb367a9'::uuid),
       ('2b4a137b-2a92-4383-88b9-f6b94ea86862'::uuid, 'Черный', 'e9b15f1a-7697-4e2e-8aa5-bc1ba68366a3'::uuid, 0,
        'b2623838-eb77-4079-ad1f-3d2a4a13e7b3'::uuid),
       ('5453d36f-a3bd-4636-9802-1727827de0ff'::uuid, 'Молочный', '6f8de744-ee71-4ab5-aaf4-1184d5b16d35'::uuid, 0,
        '03fa17fe-1e9e-46be-8dbc-5612af75dbcb'::uuid),
       ('7723d2aa-f13f-4e1e-a577-3faf53cd36c0'::uuid, 'Капучино', '23af0f49-1887-4864-9f9c-fb09732c9f56'::uuid, 1,
        '03fa17fe-1e9e-46be-8dbc-5612af75dbcb'::uuid),
       ('e4640520-08ba-4c48-98d1-765c6a522390'::uuid, 'Olive Grey', '545ae52e-3c47-44bd-9989-f5e2ec9e4fd7'::uuid, 2,
        '03fa17fe-1e9e-46be-8dbc-5612af75dbcb'::uuid),
       ('0ccb1226-630c-4d9c-bf56-192354951a22'::uuid, 'Хиллари', 'ed166c5e-160b-47b2-b5c2-d627ea1f901e'::uuid, 3,
        '03fa17fe-1e9e-46be-8dbc-5612af75dbcb'::uuid),
       ('fea6dc8e-9e47-4163-a5e5-d3d38a228399'::uuid, 'Кофе', 'e2e77663-fc94-429c-9db1-45307c20f339'::uuid, 4,
        '03fa17fe-1e9e-46be-8dbc-5612af75dbcb'::uuid),
       ('cd025a6e-d5b2-4a67-a10c-37dbec742431'::uuid, 'Шоколад', '188fa06d-2dad-4612-a778-b0ea9ca5696a'::uuid, 5,
        '03fa17fe-1e9e-46be-8dbc-5612af75dbcb'::uuid),
       ('f1b21e8f-403a-47c9-a7e9-2387bf779e8c'::uuid, 'Орхидея', 'a954168b-e140-407c-952d-10f07bbf2558'::uuid, 6,
        '03fa17fe-1e9e-46be-8dbc-5612af75dbcb'::uuid),
       ('2daa2f76-f42e-4bcf-9a43-4075f2017d0a'::uuid, 'Васаби', 'c0f807f9-4078-4c72-bd21-faedce8d9964'::uuid, 7,
        '03fa17fe-1e9e-46be-8dbc-5612af75dbcb'::uuid),
       ('7e9e69dc-e18d-4eda-bb3a-d27a5aa8f15e'::uuid, 'Аквамарин', 'a1128365-8990-4e74-a68e-3bf16e33ae9f'::uuid, 8,
        '03fa17fe-1e9e-46be-8dbc-5612af75dbcb'::uuid),
       ('74f40837-8215-4ec5-9b8c-23a961fa36a8'::uuid, 'Синий зодиак', '39ca3a50-978e-414b-a1c5-28863fb83d2f'::uuid, 9,
        '03fa17fe-1e9e-46be-8dbc-5612af75dbcb'::uuid),
       ('ff90a149-e2fa-461f-b8d0-57cd003f7a89'::uuid, 'Серебро', '3ceeb871-dcd8-4d97-afa4-8d9a516b0ce0'::uuid, 10,
        '03fa17fe-1e9e-46be-8dbc-5612af75dbcb'::uuid),
       ('ffa18591-c872-4781-b9a3-10986da8547f'::uuid, 'Черный', 'a7f5a370-eea8-4e65-a63a-bfe89480db69'::uuid, 11,
        '03fa17fe-1e9e-46be-8dbc-5612af75dbcb'::uuid);

INSERT INTO image_lists (id, display_name)
VALUES ('4c8e2b31-971c-42f0-bf5c-5e4ae6c465be'::uuid, 'Автокресло Image List');
INSERT INTO images (src, alt, image_list_id, list_order)
VALUES ('/beds/kreslo/kr-black/IMG_2661.jpg', 'TODO', '4c8e2b31-971c-42f0-bf5c-5e4ae6c465be'::uuid, 0),
       ('/beds/kreslo/kr-black/IMG_2663.jpg', 'TODO', '4c8e2b31-971c-42f0-bf5c-5e4ae6c465be'::uuid, 1),
       ('/beds/kreslo/kr-black/IMG_2664.jpg', 'TODO', '4c8e2b31-971c-42f0-bf5c-5e4ae6c465be'::uuid, 2),
       ('/beds/kreslo/kr-black/IMG_2668.jpg', 'TODO', '4c8e2b31-971c-42f0-bf5c-5e4ae6c465be'::uuid, 3),
       ('/beds/kreslo/kr-black/IMG_2669.jpg', 'TODO', '4c8e2b31-971c-42f0-bf5c-5e4ae6c465be'::uuid, 4),
       ('/beds/kreslo/kr-black/IMG_2686.jpg', 'TODO', '4c8e2b31-971c-42f0-bf5c-5e4ae6c465be'::uuid, 5),
       ('/beds/kreslo/kr-black/IMG_2689.jpg', 'TODO', '4c8e2b31-971c-42f0-bf5c-5e4ae6c465be'::uuid, 6),
       ('/beds/kreslo/kr-black/IMG_2695.jpg', 'TODO', '4c8e2b31-971c-42f0-bf5c-5e4ae6c465be'::uuid, 7),
       ('/beds/kreslo/kr-black/IMG_2697.jpg', 'TODO', '4c8e2b31-971c-42f0-bf5c-5e4ae6c465be'::uuid, 8),
       ('/beds/kreslo/kr-black/sumka_cherna.jpg', 'TODO', '4c8e2b31-971c-42f0-bf5c-5e4ae6c465be'::uuid, 9),
       ('/beds/kreslo/kr-black/sumka_cherna2.jpg', 'TODO', '4c8e2b31-971c-42f0-bf5c-5e4ae6c465be'::uuid, 10),
       ('/beds/kreslo/kr-black/sumka_cherna3.jpg', 'TODO', '4c8e2b31-971c-42f0-bf5c-5e4ae6c465be'::uuid, 11),
       ('/beds/kreslo/kr-black/sumka_cherna4.jpg', 'TODO', '4c8e2b31-971c-42f0-bf5c-5e4ae6c465be'::uuid, 12),
       ('/beds/kreslo/kr-black/sumka_cherna_1.jpg', 'TODO', '4c8e2b31-971c-42f0-bf5c-5e4ae6c465be'::uuid, 13),
       ('/beds/kreslo/kr-black/sumka_cherna_s_sobako.jpg', 'TODO', '4c8e2b31-971c-42f0-bf5c-5e4ae6c465be'::uuid, 14),
       ('/beds/kreslo/kr-black/sumkacherna_naokne.jpg', 'TODO', '4c8e2b31-971c-42f0-bf5c-5e4ae6c465be'::uuid, 15);

INSERT INTO image_lists (id, display_name)
VALUES ('22d7cf36-0f70-4db3-a3c4-671aea179778'::uuid, 'Колорадо Image List');
INSERT INTO images (src, alt, image_list_id, list_order)
VALUES ('/beds/kolorado/av-06-10/IMG_1844.jpg', 'TODO', '22d7cf36-0f70-4db3-a3c4-671aea179778'::uuid, 0),
       ('/beds/kolorado/av-06-10/IMG_1845.jpg', 'TODO', '22d7cf36-0f70-4db3-a3c4-671aea179778'::uuid, 1),
       ('/beds/kolorado/av-06-10/IMG_1846.jpg', 'TODO', '22d7cf36-0f70-4db3-a3c4-671aea179778'::uuid, 2),
       ('/beds/kolorado/av-06-10/IMG_1847.jpg', 'TODO', '22d7cf36-0f70-4db3-a3c4-671aea179778'::uuid, 3),
       ('/beds/kolorado/av-06-10/IMG_1849.jpg', 'TODO', '22d7cf36-0f70-4db3-a3c4-671aea179778'::uuid, 4),
       ('/beds/kolorado/av-06-10/IMG_185.jpg', 'TODO', '22d7cf36-0f70-4db3-a3c4-671aea179778'::uuid, 5),
       ('/beds/kolorado/av-06-10/IMG_1852.jpg', 'TODO', '22d7cf36-0f70-4db3-a3c4-671aea179778'::uuid, 6),
       ('/beds/kolorado/av-06-10/IMG_1854.jpg', 'TODO', '22d7cf36-0f70-4db3-a3c4-671aea179778'::uuid, 7),
       ('/beds/kolorado/av-06-10/IMG_1855.jpg', 'TODO', '22d7cf36-0f70-4db3-a3c4-671aea179778'::uuid, 8),
       ('/beds/kolorado/av-06-10/IMG_1856.jpg', 'TODO', '22d7cf36-0f70-4db3-a3c4-671aea179778'::uuid, 9),
       ('/beds/kolorado/av-06-10/IMG_2375.jpg', 'TODO', '22d7cf36-0f70-4db3-a3c4-671aea179778'::uuid, 10),
       ('/beds/kolorado/av-06-10/IMG_238.jpg', 'TODO', '22d7cf36-0f70-4db3-a3c4-671aea179778'::uuid, 11),
       ('/beds/kolorado/av-06-10/IMG_2385.jpg', 'TODO', '22d7cf36-0f70-4db3-a3c4-671aea179778'::uuid, 12),
       ('/beds/kolorado/av-06-10/IMG_2387.jpg', 'TODO', '22d7cf36-0f70-4db3-a3c4-671aea179778'::uuid, 13),
       ('/beds/kolorado/av-06-10/IMG_2388.jpg', 'TODO', '22d7cf36-0f70-4db3-a3c4-671aea179778'::uuid, 14),
       ('/beds/kolorado/av-06-10/IMG_2389.jpg', 'TODO', '22d7cf36-0f70-4db3-a3c4-671aea179778'::uuid, 15),
       ('/beds/kolorado/av-06-10/IMG_2393.jpg', 'TODO', '22d7cf36-0f70-4db3-a3c4-671aea179778'::uuid, 16),
       ('/beds/kolorado/av-06-10/IMG_2397.jpg', 'TODO', '22d7cf36-0f70-4db3-a3c4-671aea179778'::uuid, 17),
       ('/beds/kolorado/av-06-10/IMG_2399.jpg', 'TODO', '22d7cf36-0f70-4db3-a3c4-671aea179778'::uuid, 18),
       ('/beds/kolorado/av-06-10/IMG_24.jpg', 'TODO', '22d7cf36-0f70-4db3-a3c4-671aea179778'::uuid, 19),
       ('/beds/kolorado/av-06-10/IMG_2412.jpg', 'TODO', '22d7cf36-0f70-4db3-a3c4-671aea179778'::uuid, 20),
       ('/beds/kolorado/av-06-10/IMG_2414.jpg', 'TODO', '22d7cf36-0f70-4db3-a3c4-671aea179778'::uuid, 21),
       ('/beds/kolorado/av-06-10/IMG_2421.jpg', 'TODO', '22d7cf36-0f70-4db3-a3c4-671aea179778'::uuid, 22),
       ('/beds/kolorado/av-06-10/IMG_2425.jpg', 'TODO', '22d7cf36-0f70-4db3-a3c4-671aea179778'::uuid, 23),
       ('/beds/kolorado/av-06-10/IMG_2427.jpg', 'TODO', '22d7cf36-0f70-4db3-a3c4-671aea179778'::uuid, 24),
       ('/beds/kolorado/av-07-18/IMG_1954.jpg', 'TODO', '22d7cf36-0f70-4db3-a3c4-671aea179778'::uuid, 25),
       ('/beds/kolorado/av-07-18/IMG_1955.jpg', 'TODO', '22d7cf36-0f70-4db3-a3c4-671aea179778'::uuid, 26),
       ('/beds/kolorado/av-07-18/IMG_1957.jpg', 'TODO', '22d7cf36-0f70-4db3-a3c4-671aea179778'::uuid, 27),
       ('/beds/kolorado/av-07-18/IMG_1958.jpg', 'TODO', '22d7cf36-0f70-4db3-a3c4-671aea179778'::uuid, 28),
       ('/beds/kolorado/av-07-18/IMG_1959.jpg', 'TODO', '22d7cf36-0f70-4db3-a3c4-671aea179778'::uuid, 29),
       ('/beds/kolorado/av-07-18/IMG_1961.jpg', 'TODO', '22d7cf36-0f70-4db3-a3c4-671aea179778'::uuid, 30),
       ('/beds/kolorado/av-07-18/IMG_1963.jpg', 'TODO', '22d7cf36-0f70-4db3-a3c4-671aea179778'::uuid, 31),
       ('/beds/kolorado/av-07-18/IMG_1966.jpg', 'TODO', '22d7cf36-0f70-4db3-a3c4-671aea179778'::uuid, 32),
       ('/beds/kolorado/av-07-18/IMG_1968.jpg', 'TODO', '22d7cf36-0f70-4db3-a3c4-671aea179778'::uuid, 33),
       ('/beds/kolorado/av-07-18/IMG_2511.jpg', 'TODO', '22d7cf36-0f70-4db3-a3c4-671aea179778'::uuid, 34),
       ('/beds/kolorado/av-07-18/IMG_2517.jpg', 'TODO', '22d7cf36-0f70-4db3-a3c4-671aea179778'::uuid, 35),
       ('/beds/kolorado/av-07-18/IMG_2519.jpg', 'TODO', '22d7cf36-0f70-4db3-a3c4-671aea179778'::uuid, 36),
       ('/beds/kolorado/av-07-18/IMG_2527.jpg', 'TODO', '22d7cf36-0f70-4db3-a3c4-671aea179778'::uuid, 37),
       ('/beds/kolorado/av-07-18/IMG_2534.jpg', 'TODO', '22d7cf36-0f70-4db3-a3c4-671aea179778'::uuid, 38),
       ('/beds/kolorado/av-07-18/IMG_2535.jpg', 'TODO', '22d7cf36-0f70-4db3-a3c4-671aea179778'::uuid, 39),
       ('/beds/kolorado/av-07-18/IMG_2537.jpg', 'TODO', '22d7cf36-0f70-4db3-a3c4-671aea179778'::uuid, 40),
       ('/beds/kolorado/av-07-18/IMG_254.jpg', 'TODO', '22d7cf36-0f70-4db3-a3c4-671aea179778'::uuid, 41);

INSERT INTO image_lists (id, display_name)
VALUES ('3ebba553-1f4c-4945-8252-b0550518dcf9'::uuid, 'Норка Image List');
INSERT INTO images (src, alt, image_list_id, list_order)
VALUES ('/beds/norka/av-14/IMG_2474.jpg', 'TODO', '3ebba553-1f4c-4945-8252-b0550518dcf9'::uuid, 0),
       ('/beds/norka/av-14/IMG_2478.jpg', 'TODO', '3ebba553-1f4c-4945-8252-b0550518dcf9'::uuid, 1),
       ('/beds/norka/av-14/IMG_248.jpg', 'TODO', '3ebba553-1f4c-4945-8252-b0550518dcf9'::uuid, 2),
       ('/beds/norka/av-14/IMG_2489.jpg', 'TODO', '3ebba553-1f4c-4945-8252-b0550518dcf9'::uuid, 3),
       ('/beds/norka/av-14/IMG_249.jpg', 'TODO', '3ebba553-1f4c-4945-8252-b0550518dcf9'::uuid, 4),
       ('/beds/norka/av-14/IMG_2492.jpg', 'TODO', '3ebba553-1f4c-4945-8252-b0550518dcf9'::uuid, 5),
       ('/beds/norka/av-14/norka_sin.jpg', 'TODO', '3ebba553-1f4c-4945-8252-b0550518dcf9'::uuid, 6),
       ('/beds/norka/av-14/norka_sin2.jpg', 'TODO', '3ebba553-1f4c-4945-8252-b0550518dcf9'::uuid, 7),
       ('/beds/norka/av-14/norka_sin3.jpg', 'TODO', '3ebba553-1f4c-4945-8252-b0550518dcf9'::uuid, 8),
       ('/beds/norka/av-14/norka_sin4.jpg', 'TODO', '3ebba553-1f4c-4945-8252-b0550518dcf9'::uuid, 9),
       ('/beds/norka/av-14/norka_sin5.jpg', 'TODO', '3ebba553-1f4c-4945-8252-b0550518dcf9'::uuid, 10),
       ('/beds/norka/av-14/norkasin_devochka.jpg', 'TODO', '3ebba553-1f4c-4945-8252-b0550518dcf9'::uuid, 11),
       ('/beds/norka/av-14/norkasin_sobaka.jpg', 'TODO', '3ebba553-1f4c-4945-8252-b0550518dcf9'::uuid, 12);

INSERT INTO image_lists (id, display_name)
VALUES ('4d5554ee-c018-4465-9043-7d0f8ef35bd3'::uuid, 'Подушка Image List');
INSERT INTO images (src, alt, image_list_id, list_order)
VALUES ('/beds/podushka/vic-70/IMG_2228.jpg', 'TODO', '4d5554ee-c018-4465-9043-7d0f8ef35bd3'::uuid, 0),
       ('/beds/podushka/vic-70/IMG_223.jpg', 'TODO', '4d5554ee-c018-4465-9043-7d0f8ef35bd3'::uuid, 1),
       ('/beds/podushka/vic-70/IMG_2231.jpg', 'TODO', '4d5554ee-c018-4465-9043-7d0f8ef35bd3'::uuid, 2),
       ('/beds/podushka/vic-70/IMG_2238.jpg', 'TODO', '4d5554ee-c018-4465-9043-7d0f8ef35bd3'::uuid, 3),
       ('/beds/podushka/vic-70/IMG_2241.jpg', 'TODO', '4d5554ee-c018-4465-9043-7d0f8ef35bd3'::uuid, 4),
       ('/beds/podushka/vic-70/IMG_2242.jpg', 'TODO', '4d5554ee-c018-4465-9043-7d0f8ef35bd3'::uuid, 5),
       ('/beds/podushka/vic-70/IMG_2248.jpg', 'TODO', '4d5554ee-c018-4465-9043-7d0f8ef35bd3'::uuid, 6),
       ('/beds/podushka/vic-70/IMG_2595.jpg', 'TODO', '4d5554ee-c018-4465-9043-7d0f8ef35bd3'::uuid, 7),
       ('/beds/podushka/vic-70/podushka_zelena.jpg', 'TODO', '4d5554ee-c018-4465-9043-7d0f8ef35bd3'::uuid, 8),
       ('/beds/podushka/vic-70/podushka_zelena1.jpg', 'TODO', '4d5554ee-c018-4465-9043-7d0f8ef35bd3'::uuid, 9),
       ('/beds/podushka/vic-70/podushka_zelena2.jpg', 'TODO', '4d5554ee-c018-4465-9043-7d0f8ef35bd3'::uuid, 10),
       ('/beds/podushka/vic-70/podushka_zelena3.jpg', 'TODO', '4d5554ee-c018-4465-9043-7d0f8ef35bd3'::uuid, 11),
       ('/beds/podushka/vic-70/podushka_zelena4.jpg', 'TODO', '4d5554ee-c018-4465-9043-7d0f8ef35bd3'::uuid, 12),
       ('/beds/podushka/vic-70/podushka_zelena5.jpg', 'TODO', '4d5554ee-c018-4465-9043-7d0f8ef35bd3'::uuid, 13),
       ('/beds/podushka/vic-70/podushkazelena.jpg', 'TODO', '4d5554ee-c018-4465-9043-7d0f8ef35bd3'::uuid, 14),
       ('/beds/podushka/vic-70/podushkazelena_interer.jpg', 'TODO', '4d5554ee-c018-4465-9043-7d0f8ef35bd3'::uuid, 15),
       ('/beds/podushka/vic-70/podushkazelena_voda.jpg', 'TODO', '4d5554ee-c018-4465-9043-7d0f8ef35bd3'::uuid, 16);

INSERT INTO image_lists (id, display_name)
VALUES ('26c1e3de-13c1-4115-a8d4-1d4a8927449f'::uuid, 'Чемодан Image List');
INSERT INTO images (src, alt, image_list_id, list_order)
VALUES ('/beds/chemodan/av-07/Dogs-25157.jpg', 'TODO', '26c1e3de-13c1-4115-a8d4-1d4a8927449f'::uuid, 0),
       ('/beds/chemodan/av-07/Dogs-7110.jpg', 'TODO', '26c1e3de-13c1-4115-a8d4-1d4a8927449f'::uuid, 1),
       ('/beds/chemodan/av-07/Dogs-7161.jpg', 'TODO', '26c1e3de-13c1-4115-a8d4-1d4a8927449f'::uuid, 2),
       ('/beds/chemodan/av-07/Dogs-7169.jpg', 'TODO', '26c1e3de-13c1-4115-a8d4-1d4a8927449f'::uuid, 3),
       ('/beds/chemodan/av-07/Dogs-7173.jpg', 'TODO', '26c1e3de-13c1-4115-a8d4-1d4a8927449f'::uuid, 4),
       ('/beds/chemodan/av-07/Dogs-7180 (2).jpg', 'TODO', '26c1e3de-13c1-4115-a8d4-1d4a8927449f'::uuid, 5),
       ('/beds/chemodan/av-07/Dogs-7268 (2).jpg', 'TODO', '26c1e3de-13c1-4115-a8d4-1d4a8927449f'::uuid, 6),
       ('/beds/chemodan/av-07/Dogs-7271.jpg', 'TODO', '26c1e3de-13c1-4115-a8d4-1d4a8927449f'::uuid, 7),
       ('/beds/chemodan/av-12/Dogs-24947 (2).jpg', 'TODO', '26c1e3de-13c1-4115-a8d4-1d4a8927449f'::uuid, 8),
       ('/beds/chemodan/av-12/Dogs-24967 (2).jpg', 'TODO', '26c1e3de-13c1-4115-a8d4-1d4a8927449f'::uuid, 9),
       ('/beds/chemodan/av-12/Dogs-24998 (1).jpg', 'TODO', '26c1e3de-13c1-4115-a8d4-1d4a8927449f'::uuid, 10),
       ('/beds/chemodan/av-12/Dogs-25020.jpg', 'TODO', '26c1e3de-13c1-4115-a8d4-1d4a8927449f'::uuid, 11),
       ('/beds/chemodan/av-12/Dogs-25034.jpg', 'TODO', '26c1e3de-13c1-4115-a8d4-1d4a8927449f'::uuid, 12),
       ('/beds/chemodan/av-12/Dogs-7051.jpg', 'TODO', '26c1e3de-13c1-4115-a8d4-1d4a8927449f'::uuid, 13),
       ('/beds/chemodan/av-12/Dogs-7183.jpg', 'TODO', '26c1e3de-13c1-4115-a8d4-1d4a8927449f'::uuid, 14),
       ('/beds/chemodan/av-12/Dogs-7196 (1).jpg', 'TODO', '26c1e3de-13c1-4115-a8d4-1d4a8927449f'::uuid, 15),
       ('/beds/chemodan/av-12/Dogs-7255 (1).jpg', 'TODO', '26c1e3de-13c1-4115-a8d4-1d4a8927449f'::uuid, 16),
       ('/beds/chemodan/av-12/Dogs-7255.jpg', 'TODO', '26c1e3de-13c1-4115-a8d4-1d4a8927449f'::uuid, 17),
       ('/beds/chemodan/av-12/Dogs-7257.jpg', 'TODO', '26c1e3de-13c1-4115-a8d4-1d4a8927449f'::uuid, 18),
       ('/beds/chemodan/av-12/Dogs-7258 (1).jpg', 'TODO', '26c1e3de-13c1-4115-a8d4-1d4a8927449f'::uuid, 19),
       ('/beds/chemodan/av-14/IMG_2264.jpg', 'TODO', '26c1e3de-13c1-4115-a8d4-1d4a8927449f'::uuid, 20),
       ('/beds/chemodan/av-14/IMG_2265.jpg', 'TODO', '26c1e3de-13c1-4115-a8d4-1d4a8927449f'::uuid, 21),
       ('/beds/chemodan/av-14/IMG_2276.jpg', 'TODO', '26c1e3de-13c1-4115-a8d4-1d4a8927449f'::uuid, 22),
       ('/beds/chemodan/av-14/IMG_228.jpg', 'TODO', '26c1e3de-13c1-4115-a8d4-1d4a8927449f'::uuid, 23),
       ('/beds/chemodan/av-14/IMG_2282.jpg', 'TODO', '26c1e3de-13c1-4115-a8d4-1d4a8927449f'::uuid, 24),
       ('/beds/chemodan/av-14/IMG_2572.jpg', 'TODO', '26c1e3de-13c1-4115-a8d4-1d4a8927449f'::uuid, 25),
       ('/beds/chemodan/av-14/IMG_2575.jpg', 'TODO', '26c1e3de-13c1-4115-a8d4-1d4a8927449f'::uuid, 26),
       ('/beds/chemodan/av-14/IMG_2581.jpg', 'TODO', '26c1e3de-13c1-4115-a8d4-1d4a8927449f'::uuid, 27),
       ('/beds/chemodan/av-14/chemodan_svetlo-seri.jpg', 'TODO', '26c1e3de-13c1-4115-a8d4-1d4a8927449f'::uuid, 28),
       ('/beds/chemodan/av-14/chemodan_svetlo-seri1.jpg', 'TODO', '26c1e3de-13c1-4115-a8d4-1d4a8927449f'::uuid, 29),
       ('/beds/chemodan/av-14/chemodan_svetlo-seri2.jpg', 'TODO', '26c1e3de-13c1-4115-a8d4-1d4a8927449f'::uuid, 30),
       ('/beds/chemodan/av-14/chemodan_svetlo-seri3.jpg', 'TODO', '26c1e3de-13c1-4115-a8d4-1d4a8927449f'::uuid, 31),
       ('/beds/chemodan/av-14/chemodan_svetlo-seri4.jpg', 'TODO', '26c1e3de-13c1-4115-a8d4-1d4a8927449f'::uuid, 32),
       ('/beds/chemodan/av-14/chemodan_svetlo-seri5.jpg', 'TODO', '26c1e3de-13c1-4115-a8d4-1d4a8927449f'::uuid, 33),
       ('/beds/chemodan/av-14/chemodan_svetlo-seri6.jpg', 'TODO', '26c1e3de-13c1-4115-a8d4-1d4a8927449f'::uuid, 34),
       ('/beds/chemodan/av-14/chemodan_svetlo-seri7.jpg', 'TODO', '26c1e3de-13c1-4115-a8d4-1d4a8927449f'::uuid, 35),
       ('/beds/chemodan/av-14/chemodan_svetlo-seri8.jpg', 'TODO', '26c1e3de-13c1-4115-a8d4-1d4a8927449f'::uuid, 36),
       ('/beds/chemodan/av-14/chemodan_svetlo_seri_mops.jpg', 'TODO', '26c1e3de-13c1-4115-a8d4-1d4a8927449f'::uuid, 37),
       ('/beds/chemodan/av-14/chemodan_svetlo_seri_okno.jpg', 'TODO', '26c1e3de-13c1-4115-a8d4-1d4a8927449f'::uuid, 38),
       ('/beds/chemodan/av-18/Dogs-25044 (1).jpg', 'TODO', '26c1e3de-13c1-4115-a8d4-1d4a8927449f'::uuid, 39),
       ('/beds/chemodan/av-18/Dogs-25071.jpg', 'TODO', '26c1e3de-13c1-4115-a8d4-1d4a8927449f'::uuid, 40),
       ('/beds/chemodan/av-18/Dogs-7078.jpg', 'TODO', '26c1e3de-13c1-4115-a8d4-1d4a8927449f'::uuid, 41);

INSERT INTO image_lists (id, display_name)
VALUES ('cbb899c2-f84e-4363-a920-d8ff95beab2b'::uuid, 'Квадро Софт Image List');
INSERT INTO images (src, alt, image_list_id, list_order)
VALUES ('/beds/kvadroSoft/vic-70/Dogs-7152_1.jpg', 'TODO', 'cbb899c2-f84e-4363-a920-d8ff95beab2b'::uuid, 0),
       ('/beds/kvadroSoft/vic-70/Dogs-7234.jpg', 'TODO', 'cbb899c2-f84e-4363-a920-d8ff95beab2b'::uuid, 1),
       ('/beds/kvadroSoft/vic-70/Dogs-7239.jpg', 'TODO', 'cbb899c2-f84e-4363-a920-d8ff95beab2b'::uuid, 2),
       ('/beds/kvadroSoft/vic-70/Dogs-7278.jpg', 'TODO', 'cbb899c2-f84e-4363-a920-d8ff95beab2b'::uuid, 3),
       ('/beds/kvadroSoft/vic-80/IMG_2296.jpg', 'TODO', 'cbb899c2-f84e-4363-a920-d8ff95beab2b'::uuid, 4),
       ('/beds/kvadroSoft/vic-80/IMG_2312.jpg', 'TODO', 'cbb899c2-f84e-4363-a920-d8ff95beab2b'::uuid, 5),
       ('/beds/kvadroSoft/vic-80/IMG_2315.jpg', 'TODO', 'cbb899c2-f84e-4363-a920-d8ff95beab2b'::uuid, 6),
       ('/beds/kvadroSoft/vic-80/IMG_2326.jpg', 'TODO', 'cbb899c2-f84e-4363-a920-d8ff95beab2b'::uuid, 7),
       ('/beds/kvadroSoft/vic-80/IMG_2328.jpg', 'TODO', 'cbb899c2-f84e-4363-a920-d8ff95beab2b'::uuid, 8),
       ('/beds/kvadroSoft/vic-80/IMG_2329.jpg', 'TODO', 'cbb899c2-f84e-4363-a920-d8ff95beab2b'::uuid, 9),
       ('/beds/kvadroSoft/vic-80/IMG_2338.jpg', 'TODO', 'cbb899c2-f84e-4363-a920-d8ff95beab2b'::uuid, 10),
       ('/beds/kvadroSoft/vic-80/IMG_2339.jpg', 'TODO', 'cbb899c2-f84e-4363-a920-d8ff95beab2b'::uuid, 11),
       ('/beds/kvadroSoft/vic-80/IMG_236.jpg', 'TODO', 'cbb899c2-f84e-4363-a920-d8ff95beab2b'::uuid, 12),
       ('/beds/kvadroSoft/vic-80/kvadro_soft_sin.jpg', 'TODO', 'cbb899c2-f84e-4363-a920-d8ff95beab2b'::uuid, 13),
       ('/beds/kvadroSoft/vic-80/kvadro_soft_sin2.jpg', 'TODO', 'cbb899c2-f84e-4363-a920-d8ff95beab2b'::uuid, 14),
       ('/beds/kvadroSoft/vic-80/kvadro_soft_sin3.jpg', 'TODO', 'cbb899c2-f84e-4363-a920-d8ff95beab2b'::uuid, 15),
       ('/beds/kvadroSoft/vic-80/kvadro_soft_sin4.jpg', 'TODO', 'cbb899c2-f84e-4363-a920-d8ff95beab2b'::uuid, 16),
       ('/beds/kvadroSoft/vic-80/kvadro_soft_sin_nadivane.jpg', 'TODO', 'cbb899c2-f84e-4363-a920-d8ff95beab2b'::uuid,
        17),
       ('/beds/kvadroSoft/vic-80/kvadro_soft_sin_sobaka.1.jpg', 'TODO', 'cbb899c2-f84e-4363-a920-d8ff95beab2b'::uuid,
        18),
       ('/beds/kvadroSoft/vic-80/kvadro_soft_sin_sobaka.jpg', 'TODO', 'cbb899c2-f84e-4363-a920-d8ff95beab2b'::uuid, 19);

INSERT INTO image_lists (id, display_name)
VALUES ('951a3bbf-3a35-4bdf-bbf8-67004b2f8ba2'::uuid, 'Квадро Стронг Image List');
INSERT INTO images (src, alt, image_list_id, list_order)
VALUES ('/beds/kvadroStrong/av-07/IMG_2444.jpg', 'TODO', '951a3bbf-3a35-4bdf-bbf8-67004b2f8ba2'::uuid, 0),
       ('/beds/kvadroStrong/av-07/IMG_2451.jpg', 'TODO', '951a3bbf-3a35-4bdf-bbf8-67004b2f8ba2'::uuid, 1),
       ('/beds/kvadroStrong/av-07/IMG_2452.jpg', 'TODO', '951a3bbf-3a35-4bdf-bbf8-67004b2f8ba2'::uuid, 2),
       ('/beds/kvadroStrong/av-07/IMG_2455.jpg', 'TODO', '951a3bbf-3a35-4bdf-bbf8-67004b2f8ba2'::uuid, 3),
       ('/beds/kvadroStrong/av-07/IMG_2462.jpg', 'TODO', '951a3bbf-3a35-4bdf-bbf8-67004b2f8ba2'::uuid, 4),
       ('/beds/kvadroStrong/av-07/kvadro_strong_zhelta.jpg', 'TODO', '951a3bbf-3a35-4bdf-bbf8-67004b2f8ba2'::uuid, 5),
       ('/beds/kvadroStrong/av-07/kvadro_strong_zhelta1.jpg', 'TODO', '951a3bbf-3a35-4bdf-bbf8-67004b2f8ba2'::uuid, 6),
       ('/beds/kvadroStrong/av-07/kvadro_strong_zhelta2.jpg', 'TODO', '951a3bbf-3a35-4bdf-bbf8-67004b2f8ba2'::uuid, 7),
       ('/beds/kvadroStrong/av-07/kvadro_strong_zhelta3.jpg', 'TODO', '951a3bbf-3a35-4bdf-bbf8-67004b2f8ba2'::uuid, 8),
       ('/beds/kvadroStrong/av-07/kvadro_strong_zhelta4.jpg', 'TODO', '951a3bbf-3a35-4bdf-bbf8-67004b2f8ba2'::uuid, 9),
       ('/beds/kvadroStrong/av-07/kvadro_strong_zhelta5.jpg', 'TODO', '951a3bbf-3a35-4bdf-bbf8-67004b2f8ba2'::uuid, 10),
       ('/beds/kvadroStrong/av-07/kvadro_strong_zhelta6.jpg', 'TODO', '951a3bbf-3a35-4bdf-bbf8-67004b2f8ba2'::uuid, 11),
       ('/beds/kvadroStrong/av-07/kvadrostrong_zhelta_drcv.jpg', 'TODO', '951a3bbf-3a35-4bdf-bbf8-67004b2f8ba2'::uuid,
        12),
       ('/beds/kvadroStrong/av-07/kvadrostrong_zhelta_drcv1.jpg', 'TODO', '951a3bbf-3a35-4bdf-bbf8-67004b2f8ba2'::uuid,
        13),
       ('/beds/kvadroStrong/av-07/kvadrostrong_zhelta_drcv2.jpg', 'TODO', '951a3bbf-3a35-4bdf-bbf8-67004b2f8ba2'::uuid,
        14),
       ('/beds/kvadroStrong/av-07/kvadrostrong_zhelta_drcv3.jpg', 'TODO', '951a3bbf-3a35-4bdf-bbf8-67004b2f8ba2'::uuid,
        15),
       ('/beds/kvadroStrong/av-07/kvadrostrong_zhelta_drcv4.jpg', 'TODO', '951a3bbf-3a35-4bdf-bbf8-67004b2f8ba2'::uuid,
        16),
       ('/beds/kvadroStrong/av-07/kvadrostrong_zhelta_drcv5.jpg', 'TODO', '951a3bbf-3a35-4bdf-bbf8-67004b2f8ba2'::uuid,
        17),
       ('/beds/kvadroStrong/av-07/kvadrostrong_zhelta_ssine.jpg', 'TODO', '951a3bbf-3a35-4bdf-bbf8-67004b2f8ba2'::uuid,
        18),
       ('/beds/kvadroStrong/av-11/Dogs-24875.jpg', 'TODO', '951a3bbf-3a35-4bdf-bbf8-67004b2f8ba2'::uuid, 19),
       ('/beds/kvadroStrong/av-11/Dogs-2489_1.jpg', 'TODO', '951a3bbf-3a35-4bdf-bbf8-67004b2f8ba2'::uuid, 20),
       ('/beds/kvadroStrong/av-11/Dogs-7248.jpg', 'TODO', '951a3bbf-3a35-4bdf-bbf8-67004b2f8ba2'::uuid, 21),
       ('/beds/kvadroStrong/av-11/Dogs-7249.jpg', 'TODO', '951a3bbf-3a35-4bdf-bbf8-67004b2f8ba2'::uuid, 22),
       ('/beds/kvadroStrong/av-11/Dogs-7251.jpg', 'TODO', '951a3bbf-3a35-4bdf-bbf8-67004b2f8ba2'::uuid, 23),
       ('/beds/kvadroStrong/av-11/Dogs-7326.jpg', 'TODO', '951a3bbf-3a35-4bdf-bbf8-67004b2f8ba2'::uuid, 24),
       ('/beds/kvadroStrong/av-11/Dogs-7332.jpg', 'TODO', '951a3bbf-3a35-4bdf-bbf8-67004b2f8ba2'::uuid, 25),
       ('/beds/kvadroStrong/av-11/IMG_7828.JPG', 'TODO', '951a3bbf-3a35-4bdf-bbf8-67004b2f8ba2'::uuid, 26),
       ('/beds/kvadroStrong/av-11/IMG_7831_1.JPG', 'TODO', '951a3bbf-3a35-4bdf-bbf8-67004b2f8ba2'::uuid, 27),
       ('/beds/kvadroStrong/av-11/IMG_7833.JPG', 'TODO', '951a3bbf-3a35-4bdf-bbf8-67004b2f8ba2'::uuid, 28),
       ('/beds/kvadroStrong/av-13/IMG_1911_copy.jpg', 'TODO', '951a3bbf-3a35-4bdf-bbf8-67004b2f8ba2'::uuid, 29),
       ('/beds/kvadroStrong/av-13/IMG_1912_another_copy.jpg', 'TODO', '951a3bbf-3a35-4bdf-bbf8-67004b2f8ba2'::uuid, 30),
       ('/beds/kvadroStrong/av-13/IMG_2444_copy.jpg', 'TODO', '951a3bbf-3a35-4bdf-bbf8-67004b2f8ba2'::uuid, 31),
       ('/beds/kvadroStrong/av-13/IMG_2451_copy.jpg', 'TODO', '951a3bbf-3a35-4bdf-bbf8-67004b2f8ba2'::uuid, 32),
       ('/beds/kvadroStrong/av-13/IMG_2452_copy.jpg', 'TODO', '951a3bbf-3a35-4bdf-bbf8-67004b2f8ba2'::uuid, 33),
       ('/beds/kvadroStrong/av-13/IMG_2455_copy.jpg', 'TODO', '951a3bbf-3a35-4bdf-bbf8-67004b2f8ba2'::uuid, 34),
       ('/beds/kvadroStrong/av-13/IMG_2462_copy.jpg', 'TODO', '951a3bbf-3a35-4bdf-bbf8-67004b2f8ba2'::uuid, 35),
       ('/beds/kvadroStrong/av-13/IMG_2641.jpg', 'TODO', '951a3bbf-3a35-4bdf-bbf8-67004b2f8ba2'::uuid, 36),
       ('/beds/kvadroStrong/av-13/IMG_2643.jpg', 'TODO', '951a3bbf-3a35-4bdf-bbf8-67004b2f8ba2'::uuid, 37),
       ('/beds/kvadroStrong/av-13/IMG_2644.jpg', 'TODO', '951a3bbf-3a35-4bdf-bbf8-67004b2f8ba2'::uuid, 38),
       ('/beds/kvadroStrong/av-13/kvadro_strong_nebseni.jpg', 'TODO', '951a3bbf-3a35-4bdf-bbf8-67004b2f8ba2'::uuid, 39),
       ('/beds/kvadroStrong/av-13/kvadro_strong_nebseni1.jpg', 'TODO', '951a3bbf-3a35-4bdf-bbf8-67004b2f8ba2'::uuid,
        40),
       ('/beds/kvadroStrong/av-13/kvadro_strong_nebseni3.jpg', 'TODO', '951a3bbf-3a35-4bdf-bbf8-67004b2f8ba2'::uuid,
        41),
       ('/beds/kvadroStrong/av-13/kvadro_strong_nebseni4.jpg', 'TODO', '951a3bbf-3a35-4bdf-bbf8-67004b2f8ba2'::uuid,
        42),
       ('/beds/kvadroStrong/av-13/kvadro_strong_nebseni5.jpg', 'TODO', '951a3bbf-3a35-4bdf-bbf8-67004b2f8ba2'::uuid,
        43),
       ('/beds/kvadroStrong/av-13/kvadro_strong_nebseni6.jpg', 'TODO', '951a3bbf-3a35-4bdf-bbf8-67004b2f8ba2'::uuid,
        44),
       ('/beds/kvadroStrong/av-13/kvadrostrong_nebesna_sdrcv.jpg', 'TODO', '951a3bbf-3a35-4bdf-bbf8-67004b2f8ba2'::uuid,
        45),
       ('/beds/kvadroStrong/av-13/kvadrostrong_nebesna_sdrcv1.jpg', 'TODO',
        '951a3bbf-3a35-4bdf-bbf8-67004b2f8ba2'::uuid, 46),
       ('/beds/kvadroStrong/av-13/kvadrostrong_nebesna_sdrcv2.jpg', 'TODO',
        '951a3bbf-3a35-4bdf-bbf8-67004b2f8ba2'::uuid, 47),
       ('/beds/kvadroStrong/av-13/kvadrostrong_nebesna_sdrcv3.jpg', 'TODO',
        '951a3bbf-3a35-4bdf-bbf8-67004b2f8ba2'::uuid, 48),
       ('/beds/kvadroStrong/av-13/kvadrostrong_nebesna_sobaka.jpg', 'TODO',
        '951a3bbf-3a35-4bdf-bbf8-67004b2f8ba2'::uuid, 49),
       ('/beds/kvadroStrong/av-13/kvadrostronnebesnaszheltog.jpg', 'TODO', '951a3bbf-3a35-4bdf-bbf8-67004b2f8ba2'::uuid,
        50);

INSERT INTO image_lists (id, display_name)
VALUES ('1e9cb35f-fa19-4f30-95d1-459cc26a4420'::uuid, 'Лукошко Дуо Image List');
INSERT INTO images (src, alt, image_list_id, list_order)
VALUES ('/beds/lukoshkoDuo/vic-21/Dogs-743.jpg', 'TODO', '1e9cb35f-fa19-4f30-95d1-459cc26a4420'::uuid, 0),
       ('/beds/lukoshkoDuo/vic-32/IMG_2164.jpg', 'TODO', '1e9cb35f-fa19-4f30-95d1-459cc26a4420'::uuid, 1),
       ('/beds/lukoshkoDuo/vic-32/IMG_2167.jpg', 'TODO', '1e9cb35f-fa19-4f30-95d1-459cc26a4420'::uuid, 2),
       ('/beds/lukoshkoDuo/vic-32/IMG_2169.jpg', 'TODO', '1e9cb35f-fa19-4f30-95d1-459cc26a4420'::uuid, 3),
       ('/beds/lukoshkoDuo/vic-32/IMG_2172.jpg', 'TODO', '1e9cb35f-fa19-4f30-95d1-459cc26a4420'::uuid, 4),
       ('/beds/lukoshkoDuo/vic-32/IMG_2174.jpg', 'TODO', '1e9cb35f-fa19-4f30-95d1-459cc26a4420'::uuid, 5),
       ('/beds/lukoshkoDuo/vic-32/IMG_2177.jpg', 'TODO', '1e9cb35f-fa19-4f30-95d1-459cc26a4420'::uuid, 6),
       ('/beds/lukoshkoDuo/vic-32/lukoshko_svetlo-ser_i_chernoe.jpg', 'TODO',
        '1e9cb35f-fa19-4f30-95d1-459cc26a4420'::uuid, 7),
       ('/beds/lukoshkoDuo/vic-32/lukoshko_svetlo-seroe1.jpg', 'TODO', '1e9cb35f-fa19-4f30-95d1-459cc26a4420'::uuid, 8),
       ('/beds/lukoshkoDuo/vic-32/lukoshko_svetlo-seroe2.jpg', 'TODO', '1e9cb35f-fa19-4f30-95d1-459cc26a4420'::uuid, 9),
       ('/beds/lukoshkoDuo/vic-32/lukoshko_svetlo-seroe3.jpg', 'TODO', '1e9cb35f-fa19-4f30-95d1-459cc26a4420'::uuid,
        10),
       ('/beds/lukoshkoDuo/vic-32/lukoshko_svetlo-seroe4.jpg', 'TODO', '1e9cb35f-fa19-4f30-95d1-459cc26a4420'::uuid,
        11),
       ('/beds/lukoshkoDuo/vic-32/lukoshko_svetlo-seroe5.jpg', 'TODO', '1e9cb35f-fa19-4f30-95d1-459cc26a4420'::uuid,
        12),
       ('/beds/lukoshkoDuo/vic-32/lukoshko_svetlo-seroe_.jpg', 'TODO', '1e9cb35f-fa19-4f30-95d1-459cc26a4420'::uuid,
        13),
       ('/beds/lukoshkoDuo/vic-32/lukoshko_svetlo-seroe_i_cher.jpg', 'TODO',
        '1e9cb35f-fa19-4f30-95d1-459cc26a4420'::uuid, 14),
       ('/beds/lukoshkoDuo/vic-32/lukoshkosvetlo-ser_an.jpg', 'TODO', '1e9cb35f-fa19-4f30-95d1-459cc26a4420'::uuid, 15),
       ('/beds/lukoshkoDuo/vic-32/lukoshkosvetloseroe_paren.jpg', 'TODO', '1e9cb35f-fa19-4f30-95d1-459cc26a4420'::uuid,
        16);

INSERT INTO image_lists (id, display_name)
VALUES ('aa62fe33-903f-4211-bb08-4f8cf293f314'::uuid, 'Лукошко Трио Image List');
INSERT INTO images (src, alt, image_list_id, list_order)
VALUES ('/beds/lukoshkoTrio/vic-93/Dogs-24838.jpg', 'TODO', 'aa62fe33-903f-4211-bb08-4f8cf293f314'::uuid, 0),
       ('/beds/lukoshkoTrio/vic-93/Dogs-24849_1.jpg', 'TODO', 'aa62fe33-903f-4211-bb08-4f8cf293f314'::uuid, 1),
       ('/beds/lukoshkoTrio/vic-93/Dogs-25115.jpg', 'TODO', 'aa62fe33-903f-4211-bb08-4f8cf293f314'::uuid, 2),
       ('/beds/lukoshkoTrio/vic-93/Dogs-25127.jpg', 'TODO', 'aa62fe33-903f-4211-bb08-4f8cf293f314'::uuid, 3),
       ('/beds/lukoshkoTrio/vic-93/Dogs-25142_1.jpg', 'TODO', 'aa62fe33-903f-4211-bb08-4f8cf293f314'::uuid, 4),
       ('/beds/lukoshkoTrio/vic-93/Dogs-2515.jpg', 'TODO', 'aa62fe33-903f-4211-bb08-4f8cf293f314'::uuid, 5),
       ('/beds/lukoshkoTrio/vic-93/Dogs-7253.jpg', 'TODO', 'aa62fe33-903f-4211-bb08-4f8cf293f314'::uuid, 6),
       ('/beds/lukoshkoTrio/vic-93/Dogs-7254.jpg', 'TODO', 'aa62fe33-903f-4211-bb08-4f8cf293f314'::uuid, 7),
       ('/beds/lukoshkoTrio/vic-100/IMG_2191.jpg', 'TODO', 'aa62fe33-903f-4211-bb08-4f8cf293f314'::uuid, 8),
       ('/beds/lukoshkoTrio/vic-100/IMG_2193.jpg', 'TODO', 'aa62fe33-903f-4211-bb08-4f8cf293f314'::uuid, 9),
       ('/beds/lukoshkoTrio/vic-100/IMG_2194.jpg', 'TODO', 'aa62fe33-903f-4211-bb08-4f8cf293f314'::uuid, 10),
       ('/beds/lukoshkoTrio/vic-100/IMG_2196.jpg', 'TODO', 'aa62fe33-903f-4211-bb08-4f8cf293f314'::uuid, 11),
       ('/beds/lukoshkoTrio/vic-100/IMG_22.jpg', 'TODO', 'aa62fe33-903f-4211-bb08-4f8cf293f314'::uuid, 12),
       ('/beds/lukoshkoTrio/vic-100/IMG_221.jpg', 'TODO', 'aa62fe33-903f-4211-bb08-4f8cf293f314'::uuid, 13),
       ('/beds/lukoshkoTrio/vic-100/IMG_254.jpg', 'TODO', 'aa62fe33-903f-4211-bb08-4f8cf293f314'::uuid, 14),
       ('/beds/lukoshkoTrio/vic-100/IMG_2543.jpg', 'TODO', 'aa62fe33-903f-4211-bb08-4f8cf293f314'::uuid, 15),
       ('/beds/lukoshkoTrio/vic-100/IMG_2547.jpg', 'TODO', 'aa62fe33-903f-4211-bb08-4f8cf293f314'::uuid, 16),
       ('/beds/lukoshkoTrio/vic-100/IMG_2552.jpg', 'TODO', 'aa62fe33-903f-4211-bb08-4f8cf293f314'::uuid, 17),
       ('/beds/lukoshkoTrio/vic-100/IMG_2564.jpg', 'TODO', 'aa62fe33-903f-4211-bb08-4f8cf293f314'::uuid, 18),
       ('/beds/lukoshkoTrio/vic-100/lukokochernoe_an.jpg', 'TODO', 'aa62fe33-903f-4211-bb08-4f8cf293f314'::uuid, 19),
       ('/beds/lukoshkoTrio/vic-100/lukoshko_chernoe.jpg', 'TODO', 'aa62fe33-903f-4211-bb08-4f8cf293f314'::uuid, 20),
       ('/beds/lukoshkoTrio/vic-100/lukoshko_chernoe1.jpg', 'TODO', 'aa62fe33-903f-4211-bb08-4f8cf293f314'::uuid, 21),
       ('/beds/lukoshkoTrio/vic-100/lukoshko_chernoe2.jpg', 'TODO', 'aa62fe33-903f-4211-bb08-4f8cf293f314'::uuid, 22),
       ('/beds/lukoshkoTrio/vic-100/lukoshko_chernoe3.jpg', 'TODO', 'aa62fe33-903f-4211-bb08-4f8cf293f314'::uuid, 23),
       ('/beds/lukoshkoTrio/vic-100/lukoshko_chernoe4.jpg', 'TODO', 'aa62fe33-903f-4211-bb08-4f8cf293f314'::uuid, 24),
       ('/beds/lukoshkoTrio/vic-100/lukoshko_chernoe_i_ser.jpg', 'TODO', 'aa62fe33-903f-4211-bb08-4f8cf293f314'::uuid,
        25),
       ('/beds/lukoshkoTrio/vic-100/lukoshko_chernoe_i_ser1.jpg', 'TODO', 'aa62fe33-903f-4211-bb08-4f8cf293f314'::uuid,
        26);
;

insert into models(id, readable_id, display_name, description, category_id, image_list_id)
values ('280b36e2-f7f8-4fe7-a2b1-1d414b6bf1f0'::uuid, 'kreslo', 'Автокресло',
        E '\nАвтокресло представлено в 2 размерах: S и М\n\nМатериал автокресел: качественный и крепкий Оксфорд\n\nАвтокресло оснащено тугими кнопками, обеспечивающими полную безопасность вашего любимца\n\nВо время езды автокресло пристегивается к машинному сиденью с помощью специального ремня.\n\nЛюбимец также пристегивается к автокреслу за шлейкой с помощью небольшого ремня.\n\nАвтокресло подойдет для перевозок на близкие и дальние расстояния\n',
        '876b51d4-dcc0-45c9-8eaa-87dfd7e22d35'::uuid, '4c8e2b31-971c-42f0-bf5c-5e4ae6c465be'::uuid),
       ('ec0b60b6-c515-4adb-910d-005480d5aa94'::uuid, 'kolorado', 'Колорадо',
        E '\nТкань, фурнитура, наполнители:\n  - мебельная ткань микрофибра\n  - плотность ткани: 370г/м2\n  - тест на стирание по Мартиндейлу – 50 000 циклов\n  - цветостойкость: 5 (макс 5)\n  - ткань прошита армированными нитями\n  - борта и матрас наполнены гипоаллергенным и антибактериальным холлофайбером\n  - водоотталкивающая ткань\n\nХарактеристики: \n - лежак не боится воды\n - аккуратные, мягкие бортики, на которые любимец может положить голову\n - чехол, который можно стирать в стиральной машине\n - съемная подушка\n',
        'c1097ad2-a93d-402b-a677-345d1522ed75'::uuid, '22d7cf36-0f70-4db3-a3c4-671aea179778'::uuid),
       ('99cc7115-b1a5-4db7-9d0f-97b98efd05c5'::uuid, 'norka', 'Норка',
        E '\nТкань, фурнитура, наполнители:\n  - мебельная ткань микрофибра\n  - плотность ткани: 370г/м2\n  - тест на стирание по Мартиндейлу – 50 000 циклов\n  - цветостойкость: 5 (макс 5)\n  - ткань прошита армированными нитями\n  - лежак наполнен гипоаллергенным и антибактериальным холлофайбером, основа из мебельного паролона\n  - водоотталкивающая ткань\n  - 25% шерсть\n',
        'c1097ad2-a93d-402b-a677-345d1522ed75'::uuid, '3ebba553-1f4c-4945-8252-b0550518dcf9'::uuid),
       ('e71d69a7-1d14-4b0f-8ad9-08be6fff2e8c'::uuid, 'podushka', 'Подушка',
        E '\nТкань, фурнитура, наполнители:\n  - мебельная ткань микрофибра\n  - тест на стирание по Мартиндейлу – 30 000 циклов\n  - цветостойкость: 4 (макс 5)',
        'c1097ad2-a93d-402b-a677-345d1522ed75'::uuid, '4d5554ee-c018-4465-9043-7d0f8ef35bd3'::uuid),
       ('c264f2f0-5c65-4828-8d47-5e0d469755ee'::uuid, 'chemodan', 'Чемодан',
        E '\nТкань, фурнитура, наполнители:\n - ткань прошита армированными нитями\n - матрас наполнен гипоаллергенным и антибактериальным холлофайбером и синтепоном.\n - водоотталкивающая ткань\n',
        'c1097ad2-a93d-402b-a677-345d1522ed75'::uuid, '26c1e3de-13c1-4115-a8d4-1d4a8927449f'::uuid),
       ('56fea934-13bc-4dc7-a341-5f7185ac3062'::uuid, 'kvadroSoft', 'Квадро Софт',
        E '\nТкань, фурнитура, наполнители:\n - ткань прошита армированными нитями\n - матрас наполнен гипоаллергенным и антибактериальным холлофайбером.\n - водоотталкивающая ткань\n\nХарактеристики: \n - лежак не боится воды\n - аккуратные, мягкие бортики, на которые любимец может положить голову\n - чехол, который можно стирать в стиральной машине\n - съемная подушка\n',
        'c1097ad2-a93d-402b-a677-345d1522ed75'::uuid, 'cbb899c2-f84e-4363-a920-d8ff95beab2b'::uuid),
       ('726e7e31-33fb-44f0-937e-222f471bb2ed'::uuid, 'kvadroStrong', 'Квадро Стронг',
        E '\nТкань, фурнитура, наполнители:\n - ткань прошита армированными нитями\n - матрас наполнен гипоаллергенным и антибактериальным холлофайбером.\n - водоотталкивающая ткань\n\nХарактеристики: \n - лежак не боится воды\n - аккуратные, мягкие бортики, на которые любимец может положить голову\n - чехол, который можно стирать в стиральной машине\n - съемная подушка\n',
        'c1097ad2-a93d-402b-a677-345d1522ed75'::uuid, '951a3bbf-3a35-4bdf-bbf8-67004b2f8ba2'::uuid),
       ('2dd355e1-4609-4f30-b203-8a821c4bdf02'::uuid, 'lukoshkoDuo', 'Лукошко Дуо',
        E '\nТкань, фурнитура, наполнители:\n - ткань прошита армированными нитями\n - матрас наполнен гипоаллергенным и антибактериальным холлофайбером.\n - водоотталкивающая ткань\n\n\n«Лукошко» сшито из ткани со специальной водоотталкивающей пропиткой: влага скатывается и легко встряхивается с этого материала. ⠀\nМы любим ее за бархатную обработку материала и воздушное наполнение.\nМатериал имеет такое плотное переплетение, что даже острую, как елочные иголочки шерсть, можно стряхнуть одним движением. Это же свойство делает ткань очень крепкой и износостойкой. Лежаночка имеет съемный чехол на подушечку, который можно стирать в машинке.\n',
        'c1097ad2-a93d-402b-a677-345d1522ed75'::uuid, '1e9cb35f-fa19-4f30-95d1-459cc26a4420'::uuid),
       ('151d4c63-8f0e-4fa4-9ba5-9167ffbc349e'::uuid, 'lukoshkoTrio', 'Лукошко Трио',
        E '\nТкань, фурнитура, наполнители:\n - ткань прошита армированными нитями\n - матрас наполнен гипоаллергенным и антибактериальным холлофайбером.\n - водоотталкивающая ткань\n\n\n«Лукошко» сшито из ткани со специальной водоотталкивающей пропиткой: влага скатывается и легко встряхивается с этого материала. ⠀\nМы любим ее за бархатную обработку материала и воздушное наполнение.\nМатериал имеет такое плотное переплетение, что даже острую, как елочные иголочки шерсть, можно стряхнуть одним движением. Это же свойство делает ткань очень крепкой и износостойкой. Лежаночка имеет съемный чехол на подушечку, который можно стирать в машинке.\n',
        'c1097ad2-a93d-402b-a677-345d1522ed75'::uuid, 'aa62fe33-903f-4211-bb08-4f8cf293f314'::uuid);

insert into model_parameter_lists (model_id, parameter_list_id)
VALUES ('280b36e2-f7f8-4fe7-a2b1-1d414b6bf1f0'::uuid, 'b2623838-eb77-4079-ad1f-3d2a4a13e7b3'::uuid),
       ('280b36e2-f7f8-4fe7-a2b1-1d414b6bf1f0'::uuid, 'cff27f33-669f-453b-96fe-80fa7ca64f2f'::uuid),
       ('ec0b60b6-c515-4adb-910d-005480d5aa94'::uuid, '9f2c1294-7326-4654-a0c7-cc8e5bb367a9'::uuid),
       ('ec0b60b6-c515-4adb-910d-005480d5aa94'::uuid, '055175cf-61e8-445a-ab5b-0dbf69e48380'::uuid),
       ('99cc7115-b1a5-4db7-9d0f-97b98efd05c5'::uuid, '9f2c1294-7326-4654-a0c7-cc8e5bb367a9'::uuid),
       ('99cc7115-b1a5-4db7-9d0f-97b98efd05c5'::uuid, '1052ff77-c450-4174-a7d8-eb4c0a78d649'::uuid),
       ('e71d69a7-1d14-4b0f-8ad9-08be6fff2e8c'::uuid, '03fa17fe-1e9e-46be-8dbc-5612af75dbcb'::uuid),
       ('e71d69a7-1d14-4b0f-8ad9-08be6fff2e8c'::uuid, '2c2bd0b6-40d1-4432-aafd-7b6a02195ca6'::uuid),
       ('c264f2f0-5c65-4828-8d47-5e0d469755ee'::uuid, '9f2c1294-7326-4654-a0c7-cc8e5bb367a9'::uuid),
       ('c264f2f0-5c65-4828-8d47-5e0d469755ee'::uuid, '06df31da-7984-4a44-824a-36f266b1bedf'::uuid),
       ('56fea934-13bc-4dc7-a341-5f7185ac3062'::uuid, '03fa17fe-1e9e-46be-8dbc-5612af75dbcb'::uuid),
       ('56fea934-13bc-4dc7-a341-5f7185ac3062'::uuid, '22cb1f6a-fd0b-466f-aeb8-1b2a0d1ab589'::uuid),
       ('726e7e31-33fb-44f0-937e-222f471bb2ed'::uuid, '9f2c1294-7326-4654-a0c7-cc8e5bb367a9'::uuid),
       ('726e7e31-33fb-44f0-937e-222f471bb2ed'::uuid, '22cb1f6a-fd0b-466f-aeb8-1b2a0d1ab589'::uuid),
       ('2dd355e1-4609-4f30-b203-8a821c4bdf02'::uuid, '03fa17fe-1e9e-46be-8dbc-5612af75dbcb'::uuid),
       ('2dd355e1-4609-4f30-b203-8a821c4bdf02'::uuid, 'ff50ea93-4616-4827-828f-13bbf2af73b3'::uuid),
       ('151d4c63-8f0e-4fa4-9ba5-9167ffbc349e'::uuid, '03fa17fe-1e9e-46be-8dbc-5612af75dbcb'::uuid),
       ('151d4c63-8f0e-4fa4-9ba5-9167ffbc349e'::uuid, 'ff50ea93-4616-4827-828f-13bbf2af73b3'::uuid);

INSERT INTO image_lists (id, display_name)
VALUES ('c49bd0be-87a1-4a2b-bf6d-dc770315aa88'::uuid, 'tmp image list');

INSERT INTO image_lists (id, display_name)
VALUES ('82f20631-e3c4-48bf-9120-e56a4848f87d'::uuid, 'Image List for chemodan fabric av-07'),
       ('21dfd021-de8d-46f9-9152-3a806f8d8ee1'::uuid, 'Image List for chemodan fabric av-12'),
       ('cd8e0715-44a5-4553-846c-96b0b0c61d09'::uuid, 'Image List for chemodan fabric av-14'),
       ('4e5e1e43-e2e7-45a9-95e2-7edc8f0b8d65'::uuid, 'Image List for chemodan fabric av-18');
INSERT INTO images (image_list_id, list_order, src, alt)
VALUES ('82f20631-e3c4-48bf-9120-e56a4848f87d'::uuid, 0, '/beds/chemodan/av-07/Dogs-25157.jpg', 'TODO'),
       ('82f20631-e3c4-48bf-9120-e56a4848f87d'::uuid, 1, '/beds/chemodan/av-07/Dogs-7110.jpg', 'TODO'),
       ('82f20631-e3c4-48bf-9120-e56a4848f87d'::uuid, 2, '/beds/chemodan/av-07/Dogs-7161.jpg', 'TODO'),
       ('82f20631-e3c4-48bf-9120-e56a4848f87d'::uuid, 3, '/beds/chemodan/av-07/Dogs-7169.jpg', 'TODO'),
       ('82f20631-e3c4-48bf-9120-e56a4848f87d'::uuid, 4, '/beds/chemodan/av-07/Dogs-7173.jpg', 'TODO'),
       ('82f20631-e3c4-48bf-9120-e56a4848f87d'::uuid, 5, '/beds/chemodan/av-07/Dogs-7180 (2).jpg', 'TODO'),
       ('82f20631-e3c4-48bf-9120-e56a4848f87d'::uuid, 6, '/beds/chemodan/av-07/Dogs-7268 (2).jpg', 'TODO'),
       ('82f20631-e3c4-48bf-9120-e56a4848f87d'::uuid, 7, '/beds/chemodan/av-07/Dogs-7271.jpg', 'TODO');
INSERT INTO images (image_list_id, list_order, src, alt)
VALUES ('21dfd021-de8d-46f9-9152-3a806f8d8ee1'::uuid, 0, '/beds/chemodan/av-12/Dogs-24947 (2).jpg', 'TODO'),
       ('21dfd021-de8d-46f9-9152-3a806f8d8ee1'::uuid, 1, '/beds/chemodan/av-12/Dogs-24967 (2).jpg', 'TODO'),
       ('21dfd021-de8d-46f9-9152-3a806f8d8ee1'::uuid, 2, '/beds/chemodan/av-12/Dogs-24998 (1).jpg', 'TODO'),
       ('21dfd021-de8d-46f9-9152-3a806f8d8ee1'::uuid, 3, '/beds/chemodan/av-12/Dogs-25020.jpg', 'TODO'),
       ('21dfd021-de8d-46f9-9152-3a806f8d8ee1'::uuid, 4, '/beds/chemodan/av-12/Dogs-25034.jpg', 'TODO'),
       ('21dfd021-de8d-46f9-9152-3a806f8d8ee1'::uuid, 5, '/beds/chemodan/av-12/Dogs-7051.jpg', 'TODO'),
       ('21dfd021-de8d-46f9-9152-3a806f8d8ee1'::uuid, 6, '/beds/chemodan/av-12/Dogs-7183.jpg', 'TODO'),
       ('21dfd021-de8d-46f9-9152-3a806f8d8ee1'::uuid, 7, '/beds/chemodan/av-12/Dogs-7196 (1).jpg', 'TODO'),
       ('21dfd021-de8d-46f9-9152-3a806f8d8ee1'::uuid, 8, '/beds/chemodan/av-12/Dogs-7255 (1).jpg', 'TODO'),
       ('21dfd021-de8d-46f9-9152-3a806f8d8ee1'::uuid, 9, '/beds/chemodan/av-12/Dogs-7255.jpg', 'TODO'),
       ('21dfd021-de8d-46f9-9152-3a806f8d8ee1'::uuid, 10, '/beds/chemodan/av-12/Dogs-7257.jpg', 'TODO'),
       ('21dfd021-de8d-46f9-9152-3a806f8d8ee1'::uuid, 11, '/beds/chemodan/av-12/Dogs-7258 (1).jpg', 'TODO');
INSERT INTO images (image_list_id, list_order, src, alt)
VALUES ('cd8e0715-44a5-4553-846c-96b0b0c61d09'::uuid, 0, '/beds/chemodan/av-14/IMG_2264.jpg', 'TODO'),
       ('cd8e0715-44a5-4553-846c-96b0b0c61d09'::uuid, 1, '/beds/chemodan/av-14/IMG_2265.jpg', 'TODO'),
       ('cd8e0715-44a5-4553-846c-96b0b0c61d09'::uuid, 2, '/beds/chemodan/av-14/IMG_2276.jpg', 'TODO'),
       ('cd8e0715-44a5-4553-846c-96b0b0c61d09'::uuid, 3, '/beds/chemodan/av-14/IMG_228.jpg', 'TODO'),
       ('cd8e0715-44a5-4553-846c-96b0b0c61d09'::uuid, 4, '/beds/chemodan/av-14/IMG_2282.jpg', 'TODO'),
       ('cd8e0715-44a5-4553-846c-96b0b0c61d09'::uuid, 5, '/beds/chemodan/av-14/IMG_2572.jpg', 'TODO'),
       ('cd8e0715-44a5-4553-846c-96b0b0c61d09'::uuid, 6, '/beds/chemodan/av-14/IMG_2575.jpg', 'TODO'),
       ('cd8e0715-44a5-4553-846c-96b0b0c61d09'::uuid, 7, '/beds/chemodan/av-14/IMG_2581.jpg', 'TODO'),
       ('cd8e0715-44a5-4553-846c-96b0b0c61d09'::uuid, 8, '/beds/chemodan/av-14/chemodan_svetlo-seri.jpg', 'TODO'),
       ('cd8e0715-44a5-4553-846c-96b0b0c61d09'::uuid, 9, '/beds/chemodan/av-14/chemodan_svetlo-seri1.jpg', 'TODO'),
       ('cd8e0715-44a5-4553-846c-96b0b0c61d09'::uuid, 10, '/beds/chemodan/av-14/chemodan_svetlo-seri2.jpg', 'TODO'),
       ('cd8e0715-44a5-4553-846c-96b0b0c61d09'::uuid, 11, '/beds/chemodan/av-14/chemodan_svetlo-seri3.jpg', 'TODO'),
       ('cd8e0715-44a5-4553-846c-96b0b0c61d09'::uuid, 12, '/beds/chemodan/av-14/chemodan_svetlo-seri4.jpg', 'TODO'),
       ('cd8e0715-44a5-4553-846c-96b0b0c61d09'::uuid, 13, '/beds/chemodan/av-14/chemodan_svetlo-seri5.jpg', 'TODO'),
       ('cd8e0715-44a5-4553-846c-96b0b0c61d09'::uuid, 14, '/beds/chemodan/av-14/chemodan_svetlo-seri6.jpg', 'TODO'),
       ('cd8e0715-44a5-4553-846c-96b0b0c61d09'::uuid, 15, '/beds/chemodan/av-14/chemodan_svetlo-seri7.jpg', 'TODO'),
       ('cd8e0715-44a5-4553-846c-96b0b0c61d09'::uuid, 16, '/beds/chemodan/av-14/chemodan_svetlo-seri8.jpg', 'TODO'),
       ('cd8e0715-44a5-4553-846c-96b0b0c61d09'::uuid, 17, '/beds/chemodan/av-14/chemodan_svetlo_seri_mops.jpg', 'TODO'),
       ('cd8e0715-44a5-4553-846c-96b0b0c61d09'::uuid, 18, '/beds/chemodan/av-14/chemodan_svetlo_seri_okno.jpg', 'TODO');
INSERT INTO images (image_list_id, list_order, src, alt)
VALUES ('4e5e1e43-e2e7-45a9-95e2-7edc8f0b8d65'::uuid, 0, '/beds/chemodan/av-18/Dogs-25044 (1).jpg', 'TODO'),
       ('4e5e1e43-e2e7-45a9-95e2-7edc8f0b8d65'::uuid, 1, '/beds/chemodan/av-18/Dogs-25071.jpg', 'TODO'),
       ('4e5e1e43-e2e7-45a9-95e2-7edc8f0b8d65'::uuid, 2, '/beds/chemodan/av-18/Dogs-7078.jpg', 'TODO');
INSERT INTO image_lists (id, display_name)
VALUES ('352a7bd8-299f-403c-8e2a-8819eec00d54'::uuid, 'Image List for kolorado fabric av-06-10'),
       ('19942dc8-845a-43db-adce-e7746aa55bce'::uuid, 'Image List for kolorado fabric av-07-18');
INSERT INTO images (image_list_id, list_order, src, alt)
VALUES ('352a7bd8-299f-403c-8e2a-8819eec00d54'::uuid, 0, '/beds/kolorado/av-06-10/IMG_1844.jpg', 'TODO'),
       ('352a7bd8-299f-403c-8e2a-8819eec00d54'::uuid, 1, '/beds/kolorado/av-06-10/IMG_1845.jpg', 'TODO'),
       ('352a7bd8-299f-403c-8e2a-8819eec00d54'::uuid, 2, '/beds/kolorado/av-06-10/IMG_1846.jpg', 'TODO'),
       ('352a7bd8-299f-403c-8e2a-8819eec00d54'::uuid, 3, '/beds/kolorado/av-06-10/IMG_1847.jpg', 'TODO'),
       ('352a7bd8-299f-403c-8e2a-8819eec00d54'::uuid, 4, '/beds/kolorado/av-06-10/IMG_1849.jpg', 'TODO'),
       ('352a7bd8-299f-403c-8e2a-8819eec00d54'::uuid, 5, '/beds/kolorado/av-06-10/IMG_185.jpg', 'TODO'),
       ('352a7bd8-299f-403c-8e2a-8819eec00d54'::uuid, 6, '/beds/kolorado/av-06-10/IMG_1852.jpg', 'TODO'),
       ('352a7bd8-299f-403c-8e2a-8819eec00d54'::uuid, 7, '/beds/kolorado/av-06-10/IMG_1854.jpg', 'TODO'),
       ('352a7bd8-299f-403c-8e2a-8819eec00d54'::uuid, 8, '/beds/kolorado/av-06-10/IMG_1855.jpg', 'TODO'),
       ('352a7bd8-299f-403c-8e2a-8819eec00d54'::uuid, 9, '/beds/kolorado/av-06-10/IMG_1856.jpg', 'TODO'),
       ('352a7bd8-299f-403c-8e2a-8819eec00d54'::uuid, 10, '/beds/kolorado/av-06-10/IMG_2375.jpg', 'TODO'),
       ('352a7bd8-299f-403c-8e2a-8819eec00d54'::uuid, 11, '/beds/kolorado/av-06-10/IMG_238.jpg', 'TODO'),
       ('352a7bd8-299f-403c-8e2a-8819eec00d54'::uuid, 12, '/beds/kolorado/av-06-10/IMG_2385.jpg', 'TODO'),
       ('352a7bd8-299f-403c-8e2a-8819eec00d54'::uuid, 13, '/beds/kolorado/av-06-10/IMG_2387.jpg', 'TODO'),
       ('352a7bd8-299f-403c-8e2a-8819eec00d54'::uuid, 14, '/beds/kolorado/av-06-10/IMG_2388.jpg', 'TODO'),
       ('352a7bd8-299f-403c-8e2a-8819eec00d54'::uuid, 15, '/beds/kolorado/av-06-10/IMG_2389.jpg', 'TODO'),
       ('352a7bd8-299f-403c-8e2a-8819eec00d54'::uuid, 16, '/beds/kolorado/av-06-10/IMG_2393.jpg', 'TODO'),
       ('352a7bd8-299f-403c-8e2a-8819eec00d54'::uuid, 17, '/beds/kolorado/av-06-10/IMG_2397.jpg', 'TODO'),
       ('352a7bd8-299f-403c-8e2a-8819eec00d54'::uuid, 18, '/beds/kolorado/av-06-10/IMG_2399.jpg', 'TODO'),
       ('352a7bd8-299f-403c-8e2a-8819eec00d54'::uuid, 19, '/beds/kolorado/av-06-10/IMG_24.jpg', 'TODO'),
       ('352a7bd8-299f-403c-8e2a-8819eec00d54'::uuid, 20, '/beds/kolorado/av-06-10/IMG_2412.jpg', 'TODO'),
       ('352a7bd8-299f-403c-8e2a-8819eec00d54'::uuid, 21, '/beds/kolorado/av-06-10/IMG_2414.jpg', 'TODO'),
       ('352a7bd8-299f-403c-8e2a-8819eec00d54'::uuid, 22, '/beds/kolorado/av-06-10/IMG_2421.jpg', 'TODO'),
       ('352a7bd8-299f-403c-8e2a-8819eec00d54'::uuid, 23, '/beds/kolorado/av-06-10/IMG_2425.jpg', 'TODO'),
       ('352a7bd8-299f-403c-8e2a-8819eec00d54'::uuid, 24, '/beds/kolorado/av-06-10/IMG_2427.jpg', 'TODO');
INSERT INTO images (image_list_id, list_order, src, alt)
VALUES ('19942dc8-845a-43db-adce-e7746aa55bce'::uuid, 0, '/beds/kolorado/av-07-18/IMG_1954.jpg', 'TODO'),
       ('19942dc8-845a-43db-adce-e7746aa55bce'::uuid, 1, '/beds/kolorado/av-07-18/IMG_1955.jpg', 'TODO'),
       ('19942dc8-845a-43db-adce-e7746aa55bce'::uuid, 2, '/beds/kolorado/av-07-18/IMG_1957.jpg', 'TODO'),
       ('19942dc8-845a-43db-adce-e7746aa55bce'::uuid, 3, '/beds/kolorado/av-07-18/IMG_1958.jpg', 'TODO'),
       ('19942dc8-845a-43db-adce-e7746aa55bce'::uuid, 4, '/beds/kolorado/av-07-18/IMG_1959.jpg', 'TODO'),
       ('19942dc8-845a-43db-adce-e7746aa55bce'::uuid, 5, '/beds/kolorado/av-07-18/IMG_1961.jpg', 'TODO'),
       ('19942dc8-845a-43db-adce-e7746aa55bce'::uuid, 6, '/beds/kolorado/av-07-18/IMG_1963.jpg', 'TODO'),
       ('19942dc8-845a-43db-adce-e7746aa55bce'::uuid, 7, '/beds/kolorado/av-07-18/IMG_1966.jpg', 'TODO'),
       ('19942dc8-845a-43db-adce-e7746aa55bce'::uuid, 8, '/beds/kolorado/av-07-18/IMG_1968.jpg', 'TODO'),
       ('19942dc8-845a-43db-adce-e7746aa55bce'::uuid, 9, '/beds/kolorado/av-07-18/IMG_2511.jpg', 'TODO'),
       ('19942dc8-845a-43db-adce-e7746aa55bce'::uuid, 10, '/beds/kolorado/av-07-18/IMG_2517.jpg', 'TODO'),
       ('19942dc8-845a-43db-adce-e7746aa55bce'::uuid, 11, '/beds/kolorado/av-07-18/IMG_2519.jpg', 'TODO'),
       ('19942dc8-845a-43db-adce-e7746aa55bce'::uuid, 12, '/beds/kolorado/av-07-18/IMG_2527.jpg', 'TODO'),
       ('19942dc8-845a-43db-adce-e7746aa55bce'::uuid, 13, '/beds/kolorado/av-07-18/IMG_2534.jpg', 'TODO'),
       ('19942dc8-845a-43db-adce-e7746aa55bce'::uuid, 14, '/beds/kolorado/av-07-18/IMG_2535.jpg', 'TODO'),
       ('19942dc8-845a-43db-adce-e7746aa55bce'::uuid, 15, '/beds/kolorado/av-07-18/IMG_2537.jpg', 'TODO'),
       ('19942dc8-845a-43db-adce-e7746aa55bce'::uuid, 16, '/beds/kolorado/av-07-18/IMG_254.jpg', 'TODO');
INSERT INTO image_lists (id, display_name)
VALUES ('82b8251f-3eea-48dc-b1d2-7a43095595a3'::uuid, 'Image List for kreslo fabric kr-black');
INSERT INTO images (image_list_id, list_order, src, alt)
VALUES ('82b8251f-3eea-48dc-b1d2-7a43095595a3'::uuid, 0, '/beds/kreslo/kr-black/IMG_2661.jpg', 'TODO'),
       ('82b8251f-3eea-48dc-b1d2-7a43095595a3'::uuid, 1, '/beds/kreslo/kr-black/IMG_2663.jpg', 'TODO'),
       ('82b8251f-3eea-48dc-b1d2-7a43095595a3'::uuid, 2, '/beds/kreslo/kr-black/IMG_2664.jpg', 'TODO'),
       ('82b8251f-3eea-48dc-b1d2-7a43095595a3'::uuid, 3, '/beds/kreslo/kr-black/IMG_2668.jpg', 'TODO'),
       ('82b8251f-3eea-48dc-b1d2-7a43095595a3'::uuid, 4, '/beds/kreslo/kr-black/IMG_2669.jpg', 'TODO'),
       ('82b8251f-3eea-48dc-b1d2-7a43095595a3'::uuid, 5, '/beds/kreslo/kr-black/IMG_2686.jpg', 'TODO'),
       ('82b8251f-3eea-48dc-b1d2-7a43095595a3'::uuid, 6, '/beds/kreslo/kr-black/IMG_2689.jpg', 'TODO'),
       ('82b8251f-3eea-48dc-b1d2-7a43095595a3'::uuid, 7, '/beds/kreslo/kr-black/IMG_2695.jpg', 'TODO'),
       ('82b8251f-3eea-48dc-b1d2-7a43095595a3'::uuid, 8, '/beds/kreslo/kr-black/IMG_2697.jpg', 'TODO'),
       ('82b8251f-3eea-48dc-b1d2-7a43095595a3'::uuid, 9, '/beds/kreslo/kr-black/sumka_cherna.jpg', 'TODO'),
       ('82b8251f-3eea-48dc-b1d2-7a43095595a3'::uuid, 10, '/beds/kreslo/kr-black/sumka_cherna2.jpg', 'TODO'),
       ('82b8251f-3eea-48dc-b1d2-7a43095595a3'::uuid, 11, '/beds/kreslo/kr-black/sumka_cherna3.jpg', 'TODO'),
       ('82b8251f-3eea-48dc-b1d2-7a43095595a3'::uuid, 12, '/beds/kreslo/kr-black/sumka_cherna4.jpg', 'TODO'),
       ('82b8251f-3eea-48dc-b1d2-7a43095595a3'::uuid, 13, '/beds/kreslo/kr-black/sumka_cherna_1.jpg', 'TODO'),
       ('82b8251f-3eea-48dc-b1d2-7a43095595a3'::uuid, 14, '/beds/kreslo/kr-black/sumka_cherna_s_sobako.jpg', 'TODO'),
       ('82b8251f-3eea-48dc-b1d2-7a43095595a3'::uuid, 15, '/beds/kreslo/kr-black/sumkacherna_naokne.jpg', 'TODO');
INSERT INTO image_lists (id, display_name)
VALUES ('14e11e4b-4cee-4ce5-a163-9409d97b18c1'::uuid, 'Image List for kvadroSoft fabric vic-70'),
       ('5e387cc6-5b85-423f-bdc9-1814d5253ecb'::uuid, 'Image List for kvadroSoft fabric vic-80');
INSERT INTO images (image_list_id, list_order, src, alt)
VALUES ('14e11e4b-4cee-4ce5-a163-9409d97b18c1'::uuid, 0, '/beds/kvadroSoft/vic-70/Dogs-7152_1.jpg', 'TODO'),
       ('14e11e4b-4cee-4ce5-a163-9409d97b18c1'::uuid, 1, '/beds/kvadroSoft/vic-70/Dogs-7234.jpg', 'TODO'),
       ('14e11e4b-4cee-4ce5-a163-9409d97b18c1'::uuid, 2, '/beds/kvadroSoft/vic-70/Dogs-7239.jpg', 'TODO'),
       ('14e11e4b-4cee-4ce5-a163-9409d97b18c1'::uuid, 3, '/beds/kvadroSoft/vic-70/Dogs-7278.jpg', 'TODO');
INSERT INTO images (image_list_id, list_order, src, alt)
VALUES ('5e387cc6-5b85-423f-bdc9-1814d5253ecb'::uuid, 0, '/beds/kvadroSoft/vic-80/IMG_2296.jpg', 'TODO'),
       ('5e387cc6-5b85-423f-bdc9-1814d5253ecb'::uuid, 1, '/beds/kvadroSoft/vic-80/IMG_2312.jpg', 'TODO'),
       ('5e387cc6-5b85-423f-bdc9-1814d5253ecb'::uuid, 2, '/beds/kvadroSoft/vic-80/IMG_2315.jpg', 'TODO'),
       ('5e387cc6-5b85-423f-bdc9-1814d5253ecb'::uuid, 3, '/beds/kvadroSoft/vic-80/IMG_2326.jpg', 'TODO'),
       ('5e387cc6-5b85-423f-bdc9-1814d5253ecb'::uuid, 4, '/beds/kvadroSoft/vic-80/IMG_2328.jpg', 'TODO'),
       ('5e387cc6-5b85-423f-bdc9-1814d5253ecb'::uuid, 5, '/beds/kvadroSoft/vic-80/IMG_2329.jpg', 'TODO'),
       ('5e387cc6-5b85-423f-bdc9-1814d5253ecb'::uuid, 6, '/beds/kvadroSoft/vic-80/IMG_2338.jpg', 'TODO'),
       ('5e387cc6-5b85-423f-bdc9-1814d5253ecb'::uuid, 7, '/beds/kvadroSoft/vic-80/IMG_2339.jpg', 'TODO'),
       ('5e387cc6-5b85-423f-bdc9-1814d5253ecb'::uuid, 8, '/beds/kvadroSoft/vic-80/IMG_236.jpg', 'TODO'),
       ('5e387cc6-5b85-423f-bdc9-1814d5253ecb'::uuid, 9, '/beds/kvadroSoft/vic-80/kvadro_soft_sin.jpg', 'TODO'),
       ('5e387cc6-5b85-423f-bdc9-1814d5253ecb'::uuid, 10, '/beds/kvadroSoft/vic-80/kvadro_soft_sin2.jpg', 'TODO'),
       ('5e387cc6-5b85-423f-bdc9-1814d5253ecb'::uuid, 11, '/beds/kvadroSoft/vic-80/kvadro_soft_sin3.jpg', 'TODO'),
       ('5e387cc6-5b85-423f-bdc9-1814d5253ecb'::uuid, 12, '/beds/kvadroSoft/vic-80/kvadro_soft_sin4.jpg', 'TODO'),
       ('5e387cc6-5b85-423f-bdc9-1814d5253ecb'::uuid, 13, '/beds/kvadroSoft/vic-80/kvadro_soft_sin_nadivane.jpg',
        'TODO'),
       ('5e387cc6-5b85-423f-bdc9-1814d5253ecb'::uuid, 14, '/beds/kvadroSoft/vic-80/kvadro_soft_sin_sobaka.1.jpg',
        'TODO'),
       ('5e387cc6-5b85-423f-bdc9-1814d5253ecb'::uuid, 15, '/beds/kvadroSoft/vic-80/kvadro_soft_sin_sobaka.jpg', 'TODO');
INSERT INTO image_lists (id, display_name)
VALUES ('d7161510-ba35-4129-b540-189dc9b7618d'::uuid, 'Image List for kvadroStrong fabric av-07'),
       ('d795aa03-9ee3-4e15-b4cf-e6fbf1a2a020'::uuid, 'Image List for kvadroStrong fabric av-11'),
       ('75327fd8-dc26-4889-a4ca-8646985529f8'::uuid, 'Image List for kvadroStrong fabric av-13');
INSERT INTO images (image_list_id, list_order, src, alt)
VALUES ('d7161510-ba35-4129-b540-189dc9b7618d'::uuid, 0, '/beds/kvadroStrong/av-07/IMG_2444.jpg', 'TODO'),
       ('d7161510-ba35-4129-b540-189dc9b7618d'::uuid, 1, '/beds/kvadroStrong/av-07/IMG_2451.jpg', 'TODO'),
       ('d7161510-ba35-4129-b540-189dc9b7618d'::uuid, 2, '/beds/kvadroStrong/av-07/IMG_2452.jpg', 'TODO'),
       ('d7161510-ba35-4129-b540-189dc9b7618d'::uuid, 3, '/beds/kvadroStrong/av-07/IMG_2455.jpg', 'TODO'),
       ('d7161510-ba35-4129-b540-189dc9b7618d'::uuid, 4, '/beds/kvadroStrong/av-07/IMG_2462.jpg', 'TODO'),
       ('d7161510-ba35-4129-b540-189dc9b7618d'::uuid, 5, '/beds/kvadroStrong/av-07/kvadro_strong_zhelta.jpg', 'TODO'),
       ('d7161510-ba35-4129-b540-189dc9b7618d'::uuid, 6, '/beds/kvadroStrong/av-07/kvadro_strong_zhelta1.jpg', 'TODO'),
       ('d7161510-ba35-4129-b540-189dc9b7618d'::uuid, 7, '/beds/kvadroStrong/av-07/kvadro_strong_zhelta2.jpg', 'TODO'),
       ('d7161510-ba35-4129-b540-189dc9b7618d'::uuid, 8, '/beds/kvadroStrong/av-07/kvadro_strong_zhelta3.jpg', 'TODO'),
       ('d7161510-ba35-4129-b540-189dc9b7618d'::uuid, 9, '/beds/kvadroStrong/av-07/kvadro_strong_zhelta4.jpg', 'TODO'),
       ('d7161510-ba35-4129-b540-189dc9b7618d'::uuid, 10, '/beds/kvadroStrong/av-07/kvadro_strong_zhelta5.jpg', 'TODO'),
       ('d7161510-ba35-4129-b540-189dc9b7618d'::uuid, 11, '/beds/kvadroStrong/av-07/kvadro_strong_zhelta6.jpg', 'TODO'),
       ('d7161510-ba35-4129-b540-189dc9b7618d'::uuid, 12, '/beds/kvadroStrong/av-07/kvadrostrong_zhelta_drcv.jpg',
        'TODO'),
       ('d7161510-ba35-4129-b540-189dc9b7618d'::uuid, 13, '/beds/kvadroStrong/av-07/kvadrostrong_zhelta_drcv1.jpg',
        'TODO'),
       ('d7161510-ba35-4129-b540-189dc9b7618d'::uuid, 14, '/beds/kvadroStrong/av-07/kvadrostrong_zhelta_drcv2.jpg',
        'TODO'),
       ('d7161510-ba35-4129-b540-189dc9b7618d'::uuid, 15, '/beds/kvadroStrong/av-07/kvadrostrong_zhelta_drcv3.jpg',
        'TODO'),
       ('d7161510-ba35-4129-b540-189dc9b7618d'::uuid, 16, '/beds/kvadroStrong/av-07/kvadrostrong_zhelta_drcv4.jpg',
        'TODO'),
       ('d7161510-ba35-4129-b540-189dc9b7618d'::uuid, 17, '/beds/kvadroStrong/av-07/kvadrostrong_zhelta_drcv5.jpg',
        'TODO'),
       ('d7161510-ba35-4129-b540-189dc9b7618d'::uuid, 18, '/beds/kvadroStrong/av-07/kvadrostrong_zhelta_ssine.jpg',
        'TODO');
INSERT INTO images (image_list_id, list_order, src, alt)
VALUES ('d795aa03-9ee3-4e15-b4cf-e6fbf1a2a020'::uuid, 0, '/beds/kvadroStrong/av-11/Dogs-24875.jpg', 'TODO'),
       ('d795aa03-9ee3-4e15-b4cf-e6fbf1a2a020'::uuid, 1, '/beds/kvadroStrong/av-11/Dogs-2489_1.jpg', 'TODO'),
       ('d795aa03-9ee3-4e15-b4cf-e6fbf1a2a020'::uuid, 2, '/beds/kvadroStrong/av-11/Dogs-7248.jpg', 'TODO'),
       ('d795aa03-9ee3-4e15-b4cf-e6fbf1a2a020'::uuid, 3, '/beds/kvadroStrong/av-11/Dogs-7249.jpg', 'TODO'),
       ('d795aa03-9ee3-4e15-b4cf-e6fbf1a2a020'::uuid, 4, '/beds/kvadroStrong/av-11/Dogs-7251.jpg', 'TODO'),
       ('d795aa03-9ee3-4e15-b4cf-e6fbf1a2a020'::uuid, 5, '/beds/kvadroStrong/av-11/Dogs-7326.jpg', 'TODO'),
       ('d795aa03-9ee3-4e15-b4cf-e6fbf1a2a020'::uuid, 6, '/beds/kvadroStrong/av-11/Dogs-7332.jpg', 'TODO'),
       ('d795aa03-9ee3-4e15-b4cf-e6fbf1a2a020'::uuid, 7, '/beds/kvadroStrong/av-11/IMG_7828.JPG', 'TODO'),
       ('d795aa03-9ee3-4e15-b4cf-e6fbf1a2a020'::uuid, 8, '/beds/kvadroStrong/av-11/IMG_7831_1.JPG', 'TODO'),
       ('d795aa03-9ee3-4e15-b4cf-e6fbf1a2a020'::uuid, 9, '/beds/kvadroStrong/av-11/IMG_7833.JPG', 'TODO');
INSERT INTO images (image_list_id, list_order, src, alt)
VALUES ('75327fd8-dc26-4889-a4ca-8646985529f8'::uuid, 0, '/beds/kvadroStrong/av-13/IMG_1911_copy.jpg', 'TODO'),
       ('75327fd8-dc26-4889-a4ca-8646985529f8'::uuid, 1, '/beds/kvadroStrong/av-13/IMG_1912_another_copy.jpg', 'TODO'),
       ('75327fd8-dc26-4889-a4ca-8646985529f8'::uuid, 2, '/beds/kvadroStrong/av-13/IMG_2444_copy.jpg', 'TODO'),
       ('75327fd8-dc26-4889-a4ca-8646985529f8'::uuid, 3, '/beds/kvadroStrong/av-13/IMG_2451_copy.jpg', 'TODO'),
       ('75327fd8-dc26-4889-a4ca-8646985529f8'::uuid, 4, '/beds/kvadroStrong/av-13/IMG_2452_copy.jpg', 'TODO'),
       ('75327fd8-dc26-4889-a4ca-8646985529f8'::uuid, 5, '/beds/kvadroStrong/av-13/IMG_2455_copy.jpg', 'TODO'),
       ('75327fd8-dc26-4889-a4ca-8646985529f8'::uuid, 6, '/beds/kvadroStrong/av-13/IMG_2462_copy.jpg', 'TODO'),
       ('75327fd8-dc26-4889-a4ca-8646985529f8'::uuid, 7, '/beds/kvadroStrong/av-13/IMG_2641.jpg', 'TODO'),
       ('75327fd8-dc26-4889-a4ca-8646985529f8'::uuid, 8, '/beds/kvadroStrong/av-13/IMG_2643.jpg', 'TODO'),
       ('75327fd8-dc26-4889-a4ca-8646985529f8'::uuid, 9, '/beds/kvadroStrong/av-13/IMG_2644.jpg', 'TODO'),
       ('75327fd8-dc26-4889-a4ca-8646985529f8'::uuid, 10, '/beds/kvadroStrong/av-13/kvadro_strong_nebseni.jpg', 'TODO'),
       ('75327fd8-dc26-4889-a4ca-8646985529f8'::uuid, 11, '/beds/kvadroStrong/av-13/kvadro_strong_nebseni1.jpg',
        'TODO'),
       ('75327fd8-dc26-4889-a4ca-8646985529f8'::uuid, 12, '/beds/kvadroStrong/av-13/kvadro_strong_nebseni3.jpg',
        'TODO'),
       ('75327fd8-dc26-4889-a4ca-8646985529f8'::uuid, 13, '/beds/kvadroStrong/av-13/kvadro_strong_nebseni4.jpg',
        'TODO'),
       ('75327fd8-dc26-4889-a4ca-8646985529f8'::uuid, 14, '/beds/kvadroStrong/av-13/kvadro_strong_nebseni5.jpg',
        'TODO'),
       ('75327fd8-dc26-4889-a4ca-8646985529f8'::uuid, 15, '/beds/kvadroStrong/av-13/kvadro_strong_nebseni6.jpg',
        'TODO'),
       ('75327fd8-dc26-4889-a4ca-8646985529f8'::uuid, 16, '/beds/kvadroStrong/av-13/kvadrostrong_nebesna_sdrcv.jpg',
        'TODO'),
       ('75327fd8-dc26-4889-a4ca-8646985529f8'::uuid, 17, '/beds/kvadroStrong/av-13/kvadrostrong_nebesna_sdrcv1.jpg',
        'TODO'),
       ('75327fd8-dc26-4889-a4ca-8646985529f8'::uuid, 18, '/beds/kvadroStrong/av-13/kvadrostrong_nebesna_sdrcv2.jpg',
        'TODO'),
       ('75327fd8-dc26-4889-a4ca-8646985529f8'::uuid, 19, '/beds/kvadroStrong/av-13/kvadrostrong_nebesna_sdrcv3.jpg',
        'TODO'),
       ('75327fd8-dc26-4889-a4ca-8646985529f8'::uuid, 20, '/beds/kvadroStrong/av-13/kvadrostrong_nebesna_sobaka.jpg',
        'TODO'),
       ('75327fd8-dc26-4889-a4ca-8646985529f8'::uuid, 21, '/beds/kvadroStrong/av-13/kvadrostronnebesnaszheltog.jpg',
        'TODO');
INSERT INTO image_lists (id, display_name)
VALUES ('860922b2-3ee1-4826-bfa5-ed3f1807750a'::uuid, 'Image List for lukoshkoDuo fabric vic-21'),
       ('5a561cbe-c91c-4c78-95d5-1b936e172e4a'::uuid, 'Image List for lukoshkoDuo fabric vic-32');
INSERT INTO images (image_list_id, list_order, src, alt)
VALUES ('860922b2-3ee1-4826-bfa5-ed3f1807750a'::uuid, 0, '/beds/lukoshkoDuo/vic-21/Dogs-743.jpg', 'TODO');
INSERT INTO images (image_list_id, list_order, src, alt)
VALUES ('5a561cbe-c91c-4c78-95d5-1b936e172e4a'::uuid, 0, '/beds/lukoshkoDuo/vic-32/IMG_2164.jpg', 'TODO'),
       ('5a561cbe-c91c-4c78-95d5-1b936e172e4a'::uuid, 1, '/beds/lukoshkoDuo/vic-32/IMG_2167.jpg', 'TODO'),
       ('5a561cbe-c91c-4c78-95d5-1b936e172e4a'::uuid, 2, '/beds/lukoshkoDuo/vic-32/IMG_2169.jpg', 'TODO'),
       ('5a561cbe-c91c-4c78-95d5-1b936e172e4a'::uuid, 3, '/beds/lukoshkoDuo/vic-32/IMG_2172.jpg', 'TODO'),
       ('5a561cbe-c91c-4c78-95d5-1b936e172e4a'::uuid, 4, '/beds/lukoshkoDuo/vic-32/IMG_2174.jpg', 'TODO'),
       ('5a561cbe-c91c-4c78-95d5-1b936e172e4a'::uuid, 5, '/beds/lukoshkoDuo/vic-32/IMG_2177.jpg', 'TODO'),
       ('5a561cbe-c91c-4c78-95d5-1b936e172e4a'::uuid, 6, '/beds/lukoshkoDuo/vic-32/lukoshko_svetlo-ser_i_chernoe.jpg',
        'TODO'),
       ('5a561cbe-c91c-4c78-95d5-1b936e172e4a'::uuid, 7, '/beds/lukoshkoDuo/vic-32/lukoshko_svetlo-seroe1.jpg', 'TODO'),
       ('5a561cbe-c91c-4c78-95d5-1b936e172e4a'::uuid, 8, '/beds/lukoshkoDuo/vic-32/lukoshko_svetlo-seroe2.jpg', 'TODO'),
       ('5a561cbe-c91c-4c78-95d5-1b936e172e4a'::uuid, 9, '/beds/lukoshkoDuo/vic-32/lukoshko_svetlo-seroe3.jpg', 'TODO'),
       ('5a561cbe-c91c-4c78-95d5-1b936e172e4a'::uuid, 10, '/beds/lukoshkoDuo/vic-32/lukoshko_svetlo-seroe4.jpg',
        'TODO'),
       ('5a561cbe-c91c-4c78-95d5-1b936e172e4a'::uuid, 11, '/beds/lukoshkoDuo/vic-32/lukoshko_svetlo-seroe5.jpg',
        'TODO'),
       ('5a561cbe-c91c-4c78-95d5-1b936e172e4a'::uuid, 12, '/beds/lukoshkoDuo/vic-32/lukoshko_svetlo-seroe_.jpg',
        'TODO'),
       ('5a561cbe-c91c-4c78-95d5-1b936e172e4a'::uuid, 13, '/beds/lukoshkoDuo/vic-32/lukoshko_svetlo-seroe_i_cher.jpg',
        'TODO'),
       ('5a561cbe-c91c-4c78-95d5-1b936e172e4a'::uuid, 14, '/beds/lukoshkoDuo/vic-32/lukoshkosvetlo-ser_an.jpg', 'TODO'),
       ('5a561cbe-c91c-4c78-95d5-1b936e172e4a'::uuid, 15, '/beds/lukoshkoDuo/vic-32/lukoshkosvetloseroe_paren.jpg',
        'TODO');
INSERT INTO image_lists (id, display_name)
VALUES ('65280733-7cc7-449b-b3ce-1f9949c96b59'::uuid, 'Image List for lukoshkoTrio fabric vic-100'),
       ('4ec73f14-6a41-48d9-b501-402f15ee1ca1'::uuid, 'Image List for lukoshkoTrio fabric vic-93');
INSERT INTO images (image_list_id, list_order, src, alt)
VALUES ('65280733-7cc7-449b-b3ce-1f9949c96b59'::uuid, 0, '/beds/lukoshkoTrio/vic-100/IMG_2191.jpg', 'TODO'),
       ('65280733-7cc7-449b-b3ce-1f9949c96b59'::uuid, 1, '/beds/lukoshkoTrio/vic-100/IMG_2193.jpg', 'TODO'),
       ('65280733-7cc7-449b-b3ce-1f9949c96b59'::uuid, 2, '/beds/lukoshkoTrio/vic-100/IMG_2194.jpg', 'TODO'),
       ('65280733-7cc7-449b-b3ce-1f9949c96b59'::uuid, 3, '/beds/lukoshkoTrio/vic-100/IMG_2196.jpg', 'TODO'),
       ('65280733-7cc7-449b-b3ce-1f9949c96b59'::uuid, 4, '/beds/lukoshkoTrio/vic-100/IMG_22.jpg', 'TODO'),
       ('65280733-7cc7-449b-b3ce-1f9949c96b59'::uuid, 5, '/beds/lukoshkoTrio/vic-100/IMG_221.jpg', 'TODO'),
       ('65280733-7cc7-449b-b3ce-1f9949c96b59'::uuid, 6, '/beds/lukoshkoTrio/vic-100/IMG_254.jpg', 'TODO'),
       ('65280733-7cc7-449b-b3ce-1f9949c96b59'::uuid, 7, '/beds/lukoshkoTrio/vic-100/IMG_2543.jpg', 'TODO'),
       ('65280733-7cc7-449b-b3ce-1f9949c96b59'::uuid, 8, '/beds/lukoshkoTrio/vic-100/IMG_2547.jpg', 'TODO'),
       ('65280733-7cc7-449b-b3ce-1f9949c96b59'::uuid, 9, '/beds/lukoshkoTrio/vic-100/IMG_2552.jpg', 'TODO'),
       ('65280733-7cc7-449b-b3ce-1f9949c96b59'::uuid, 10, '/beds/lukoshkoTrio/vic-100/IMG_2564.jpg', 'TODO'),
       ('65280733-7cc7-449b-b3ce-1f9949c96b59'::uuid, 11, '/beds/lukoshkoTrio/vic-100/lukokochernoe_an.jpg', 'TODO'),
       ('65280733-7cc7-449b-b3ce-1f9949c96b59'::uuid, 12, '/beds/lukoshkoTrio/vic-100/lukoshko_chernoe.jpg', 'TODO'),
       ('65280733-7cc7-449b-b3ce-1f9949c96b59'::uuid, 13, '/beds/lukoshkoTrio/vic-100/lukoshko_chernoe1.jpg', 'TODO'),
       ('65280733-7cc7-449b-b3ce-1f9949c96b59'::uuid, 14, '/beds/lukoshkoTrio/vic-100/lukoshko_chernoe2.jpg', 'TODO'),
       ('65280733-7cc7-449b-b3ce-1f9949c96b59'::uuid, 15, '/beds/lukoshkoTrio/vic-100/lukoshko_chernoe3.jpg', 'TODO'),
       ('65280733-7cc7-449b-b3ce-1f9949c96b59'::uuid, 16, '/beds/lukoshkoTrio/vic-100/lukoshko_chernoe4.jpg', 'TODO'),
       ('65280733-7cc7-449b-b3ce-1f9949c96b59'::uuid, 17, '/beds/lukoshkoTrio/vic-100/lukoshko_chernoe_i_ser.jpg',
        'TODO'),
       ('65280733-7cc7-449b-b3ce-1f9949c96b59'::uuid, 18, '/beds/lukoshkoTrio/vic-100/lukoshko_chernoe_i_ser1.jpg',
        'TODO');
INSERT INTO images (image_list_id, list_order, src, alt)
VALUES ('4ec73f14-6a41-48d9-b501-402f15ee1ca1'::uuid, 0, '/beds/lukoshkoTrio/vic-93/Dogs-24838.jpg', 'TODO'),
       ('4ec73f14-6a41-48d9-b501-402f15ee1ca1'::uuid, 1, '/beds/lukoshkoTrio/vic-93/Dogs-24849_1.jpg', 'TODO'),
       ('4ec73f14-6a41-48d9-b501-402f15ee1ca1'::uuid, 2, '/beds/lukoshkoTrio/vic-93/Dogs-25115.jpg', 'TODO'),
       ('4ec73f14-6a41-48d9-b501-402f15ee1ca1'::uuid, 3, '/beds/lukoshkoTrio/vic-93/Dogs-25127.jpg', 'TODO'),
       ('4ec73f14-6a41-48d9-b501-402f15ee1ca1'::uuid, 4, '/beds/lukoshkoTrio/vic-93/Dogs-25142_1.jpg', 'TODO'),
       ('4ec73f14-6a41-48d9-b501-402f15ee1ca1'::uuid, 5, '/beds/lukoshkoTrio/vic-93/Dogs-2515.jpg', 'TODO'),
       ('4ec73f14-6a41-48d9-b501-402f15ee1ca1'::uuid, 6, '/beds/lukoshkoTrio/vic-93/Dogs-7253.jpg', 'TODO'),
       ('4ec73f14-6a41-48d9-b501-402f15ee1ca1'::uuid, 7, '/beds/lukoshkoTrio/vic-93/Dogs-7254.jpg', 'TODO');
INSERT INTO image_lists (id, display_name)
VALUES ('32241025-b5c4-4cf6-a87c-ff1a5bd7d790'::uuid, 'Image List for norka fabric av-14');
INSERT INTO images (image_list_id, list_order, src, alt)
VALUES ('32241025-b5c4-4cf6-a87c-ff1a5bd7d790'::uuid, 0, '/beds/norka/av-14/IMG_2474.jpg', 'TODO'),
       ('32241025-b5c4-4cf6-a87c-ff1a5bd7d790'::uuid, 1, '/beds/norka/av-14/IMG_2478.jpg', 'TODO'),
       ('32241025-b5c4-4cf6-a87c-ff1a5bd7d790'::uuid, 2, '/beds/norka/av-14/IMG_248.jpg', 'TODO'),
       ('32241025-b5c4-4cf6-a87c-ff1a5bd7d790'::uuid, 3, '/beds/norka/av-14/IMG_2489.jpg', 'TODO'),
       ('32241025-b5c4-4cf6-a87c-ff1a5bd7d790'::uuid, 4, '/beds/norka/av-14/IMG_249.jpg', 'TODO'),
       ('32241025-b5c4-4cf6-a87c-ff1a5bd7d790'::uuid, 5, '/beds/norka/av-14/IMG_2492.jpg', 'TODO'),
       ('32241025-b5c4-4cf6-a87c-ff1a5bd7d790'::uuid, 6, '/beds/norka/av-14/norka_sin.jpg', 'TODO'),
       ('32241025-b5c4-4cf6-a87c-ff1a5bd7d790'::uuid, 7, '/beds/norka/av-14/norka_sin2.jpg', 'TODO'),
       ('32241025-b5c4-4cf6-a87c-ff1a5bd7d790'::uuid, 8, '/beds/norka/av-14/norka_sin3.jpg', 'TODO'),
       ('32241025-b5c4-4cf6-a87c-ff1a5bd7d790'::uuid, 9, '/beds/norka/av-14/norka_sin4.jpg', 'TODO'),
       ('32241025-b5c4-4cf6-a87c-ff1a5bd7d790'::uuid, 10, '/beds/norka/av-14/norka_sin5.jpg', 'TODO'),
       ('32241025-b5c4-4cf6-a87c-ff1a5bd7d790'::uuid, 11, '/beds/norka/av-14/norkasin_devochka.jpg', 'TODO'),
       ('32241025-b5c4-4cf6-a87c-ff1a5bd7d790'::uuid, 12, '/beds/norka/av-14/norkasin_sobaka.jpg', 'TODO');
INSERT INTO image_lists (id, display_name)
VALUES ('794aaf20-4068-4900-9cfb-8e19cefd4285'::uuid, 'Image List for podushka fabric vic-70');
INSERT INTO images (image_list_id, list_order, src, alt)
VALUES ('794aaf20-4068-4900-9cfb-8e19cefd4285'::uuid, 0, '/beds/podushka/vic-70/IMG_2228.jpg', 'TODO'),
       ('794aaf20-4068-4900-9cfb-8e19cefd4285'::uuid, 1, '/beds/podushka/vic-70/IMG_223.jpg', 'TODO'),
       ('794aaf20-4068-4900-9cfb-8e19cefd4285'::uuid, 2, '/beds/podushka/vic-70/IMG_2231.jpg', 'TODO'),
       ('794aaf20-4068-4900-9cfb-8e19cefd4285'::uuid, 3, '/beds/podushka/vic-70/IMG_2238.jpg', 'TODO'),
       ('794aaf20-4068-4900-9cfb-8e19cefd4285'::uuid, 4, '/beds/podushka/vic-70/IMG_2241.jpg', 'TODO'),
       ('794aaf20-4068-4900-9cfb-8e19cefd4285'::uuid, 5, '/beds/podushka/vic-70/IMG_2242.jpg', 'TODO'),
       ('794aaf20-4068-4900-9cfb-8e19cefd4285'::uuid, 6, '/beds/podushka/vic-70/IMG_2248.jpg', 'TODO'),
       ('794aaf20-4068-4900-9cfb-8e19cefd4285'::uuid, 7, '/beds/podushka/vic-70/IMG_2595.jpg', 'TODO'),
       ('794aaf20-4068-4900-9cfb-8e19cefd4285'::uuid, 8, '/beds/podushka/vic-70/podushka_zelena.jpg', 'TODO'),
       ('794aaf20-4068-4900-9cfb-8e19cefd4285'::uuid, 9, '/beds/podushka/vic-70/podushka_zelena1.jpg', 'TODO'),
       ('794aaf20-4068-4900-9cfb-8e19cefd4285'::uuid, 10, '/beds/podushka/vic-70/podushka_zelena2.jpg', 'TODO'),
       ('794aaf20-4068-4900-9cfb-8e19cefd4285'::uuid, 11, '/beds/podushka/vic-70/podushka_zelena3.jpg', 'TODO'),
       ('794aaf20-4068-4900-9cfb-8e19cefd4285'::uuid, 12, '/beds/podushka/vic-70/podushka_zelena4.jpg', 'TODO'),
       ('794aaf20-4068-4900-9cfb-8e19cefd4285'::uuid, 13, '/beds/podushka/vic-70/podushka_zelena5.jpg', 'TODO'),
       ('794aaf20-4068-4900-9cfb-8e19cefd4285'::uuid, 14, '/beds/podushka/vic-70/podushkazelena.jpg', 'TODO'),
       ('794aaf20-4068-4900-9cfb-8e19cefd4285'::uuid, 15, '/beds/podushka/vic-70/podushkazelena_interer.jpg', 'TODO'),
       ('794aaf20-4068-4900-9cfb-8e19cefd4285'::uuid, 16, '/beds/podushka/vic-70/podushkazelena_voda.jpg', 'TODO');
;

INSERT INTO products (price, image_list_id, model_id, parameter_ids)
VALUES (1850, '82b8251f-3eea-48dc-b1d2-7a43095595a3'::uuid, '280b36e2-f7f8-4fe7-a2b1-1d414b6bf1f0'::uuid,
        ARRAY ['b3d882c0-6aac-4a99-ac8c-e70ed79ea351'::uuid, '2b4a137b-2a92-4383-88b9-f6b94ea86862'::uuid]),
       (2100, '82b8251f-3eea-48dc-b1d2-7a43095595a3'::uuid, '280b36e2-f7f8-4fe7-a2b1-1d414b6bf1f0'::uuid,
        ARRAY ['ebcea303-5a1c-433a-be34-4305858e8b83'::uuid, '2b4a137b-2a92-4383-88b9-f6b94ea86862'::uuid]),
       (1250, '352a7bd8-299f-403c-8e2a-8819eec00d54'::uuid, 'ec0b60b6-c515-4adb-910d-005480d5aa94'::uuid,
        ARRAY ['60973861-3f6c-4472-b173-6773e732644e'::uuid, 'b8384a60-92c0-4264-9318-fa94e3392ff8'::uuid]),
       (1250, '19942dc8-845a-43db-adce-e7746aa55bce'::uuid, 'ec0b60b6-c515-4adb-910d-005480d5aa94'::uuid,
        ARRAY ['60973861-3f6c-4472-b173-6773e732644e'::uuid, 'fac988f6-5cde-4f06-af14-c8578567dc68'::uuid]),
       (1400, '352a7bd8-299f-403c-8e2a-8819eec00d54'::uuid, 'ec0b60b6-c515-4adb-910d-005480d5aa94'::uuid,
        ARRAY ['94c6b090-4dca-4116-8a68-20742d3613ab'::uuid, 'b8384a60-92c0-4264-9318-fa94e3392ff8'::uuid]),
       (1400, '19942dc8-845a-43db-adce-e7746aa55bce'::uuid, 'ec0b60b6-c515-4adb-910d-005480d5aa94'::uuid,
        ARRAY ['94c6b090-4dca-4116-8a68-20742d3613ab'::uuid, 'fac988f6-5cde-4f06-af14-c8578567dc68'::uuid]),
       (1600, '352a7bd8-299f-403c-8e2a-8819eec00d54'::uuid, 'ec0b60b6-c515-4adb-910d-005480d5aa94'::uuid,
        ARRAY ['4425ead3-016e-470a-8f7d-02207be7a7c7'::uuid, 'b8384a60-92c0-4264-9318-fa94e3392ff8'::uuid]),
       (1600, '19942dc8-845a-43db-adce-e7746aa55bce'::uuid, 'ec0b60b6-c515-4adb-910d-005480d5aa94'::uuid,
        ARRAY ['4425ead3-016e-470a-8f7d-02207be7a7c7'::uuid, 'fac988f6-5cde-4f06-af14-c8578567dc68'::uuid]),
       (1800, '352a7bd8-299f-403c-8e2a-8819eec00d54'::uuid, 'ec0b60b6-c515-4adb-910d-005480d5aa94'::uuid,
        ARRAY ['5d7eb450-16e8-4219-a59a-80a99019b1da'::uuid, 'b8384a60-92c0-4264-9318-fa94e3392ff8'::uuid]),
       (1800, '19942dc8-845a-43db-adce-e7746aa55bce'::uuid, 'ec0b60b6-c515-4adb-910d-005480d5aa94'::uuid,
        ARRAY ['5d7eb450-16e8-4219-a59a-80a99019b1da'::uuid, 'fac988f6-5cde-4f06-af14-c8578567dc68'::uuid]),
       (1550, '32241025-b5c4-4cf6-a87c-ff1a5bd7d790'::uuid, '99cc7115-b1a5-4db7-9d0f-97b98efd05c5'::uuid,
        ARRAY ['d92435ff-3165-47a5-8c53-aba7489b144d'::uuid, '383b7b3d-1cb6-4179-af8c-4fceb09bd7b2'::uuid]),
       (1650, '32241025-b5c4-4cf6-a87c-ff1a5bd7d790'::uuid, '99cc7115-b1a5-4db7-9d0f-97b98efd05c5'::uuid,
        ARRAY ['a06be21a-13e0-496b-8f1a-320dc84dee1b'::uuid, '383b7b3d-1cb6-4179-af8c-4fceb09bd7b2'::uuid]),
       (1800, '32241025-b5c4-4cf6-a87c-ff1a5bd7d790'::uuid, '99cc7115-b1a5-4db7-9d0f-97b98efd05c5'::uuid,
        ARRAY ['1516e27d-b606-4a1c-99a4-44502560f0b0'::uuid, '383b7b3d-1cb6-4179-af8c-4fceb09bd7b2'::uuid]),
       (2100, '32241025-b5c4-4cf6-a87c-ff1a5bd7d790'::uuid, '99cc7115-b1a5-4db7-9d0f-97b98efd05c5'::uuid,
        ARRAY ['67989176-2edb-42f0-829e-200c97c20459'::uuid, '383b7b3d-1cb6-4179-af8c-4fceb09bd7b2'::uuid]),
       (400, '794aaf20-4068-4900-9cfb-8e19cefd4285'::uuid, 'e71d69a7-1d14-4b0f-8ad9-08be6fff2e8c'::uuid,
        ARRAY ['4af1fcc0-8a3b-444a-ba8b-1d2e18a56502'::uuid, '2daa2f76-f42e-4bcf-9a43-4075f2017d0a'::uuid]),
       (500, '794aaf20-4068-4900-9cfb-8e19cefd4285'::uuid, 'e71d69a7-1d14-4b0f-8ad9-08be6fff2e8c'::uuid,
        ARRAY ['26e68c54-943a-40df-8359-db8500b4747f'::uuid, '2daa2f76-f42e-4bcf-9a43-4075f2017d0a'::uuid]),
       (600, '794aaf20-4068-4900-9cfb-8e19cefd4285'::uuid, 'e71d69a7-1d14-4b0f-8ad9-08be6fff2e8c'::uuid,
        ARRAY ['b7e7a84e-c54a-40b5-9a41-90ad64af7886'::uuid, '2daa2f76-f42e-4bcf-9a43-4075f2017d0a'::uuid]),
       (1350, '82f20631-e3c4-48bf-9120-e56a4848f87d'::uuid, 'c264f2f0-5c65-4828-8d47-5e0d469755ee'::uuid,
        ARRAY ['1252e8f0-532c-4572-a059-18863f0457cd'::uuid, '6e1cdab2-5849-4410-a21f-6623ec34784f'::uuid]),
       (1350, '21dfd021-de8d-46f9-9152-3a806f8d8ee1'::uuid, 'c264f2f0-5c65-4828-8d47-5e0d469755ee'::uuid,
        ARRAY ['1252e8f0-532c-4572-a059-18863f0457cd'::uuid, 'd820c7e3-5a45-48f3-b199-128df22793b2'::uuid]),
       (1350, 'cd8e0715-44a5-4553-846c-96b0b0c61d09'::uuid, 'c264f2f0-5c65-4828-8d47-5e0d469755ee'::uuid,
        ARRAY ['1252e8f0-532c-4572-a059-18863f0457cd'::uuid, '383b7b3d-1cb6-4179-af8c-4fceb09bd7b2'::uuid]),
       (1350, '4e5e1e43-e2e7-45a9-95e2-7edc8f0b8d65'::uuid, 'c264f2f0-5c65-4828-8d47-5e0d469755ee'::uuid,
        ARRAY ['1252e8f0-532c-4572-a059-18863f0457cd'::uuid, 'e30545ea-f80a-4496-b3be-698e0f2053cc'::uuid]),
       (1500, '82f20631-e3c4-48bf-9120-e56a4848f87d'::uuid, 'c264f2f0-5c65-4828-8d47-5e0d469755ee'::uuid,
        ARRAY ['475e0454-24c1-44c0-bf2d-0c5299639b77'::uuid, '6e1cdab2-5849-4410-a21f-6623ec34784f'::uuid]),
       (1500, '21dfd021-de8d-46f9-9152-3a806f8d8ee1'::uuid, 'c264f2f0-5c65-4828-8d47-5e0d469755ee'::uuid,
        ARRAY ['475e0454-24c1-44c0-bf2d-0c5299639b77'::uuid, 'd820c7e3-5a45-48f3-b199-128df22793b2'::uuid]),
       (1500, 'cd8e0715-44a5-4553-846c-96b0b0c61d09'::uuid, 'c264f2f0-5c65-4828-8d47-5e0d469755ee'::uuid,
        ARRAY ['475e0454-24c1-44c0-bf2d-0c5299639b77'::uuid, '383b7b3d-1cb6-4179-af8c-4fceb09bd7b2'::uuid]),
       (1500, '4e5e1e43-e2e7-45a9-95e2-7edc8f0b8d65'::uuid, 'c264f2f0-5c65-4828-8d47-5e0d469755ee'::uuid,
        ARRAY ['475e0454-24c1-44c0-bf2d-0c5299639b77'::uuid, 'e30545ea-f80a-4496-b3be-698e0f2053cc'::uuid]),
       (1650, '82f20631-e3c4-48bf-9120-e56a4848f87d'::uuid, 'c264f2f0-5c65-4828-8d47-5e0d469755ee'::uuid,
        ARRAY ['5173b18c-4319-4c73-b57f-a44d7d058223'::uuid, '6e1cdab2-5849-4410-a21f-6623ec34784f'::uuid]),
       (1650, '21dfd021-de8d-46f9-9152-3a806f8d8ee1'::uuid, 'c264f2f0-5c65-4828-8d47-5e0d469755ee'::uuid,
        ARRAY ['5173b18c-4319-4c73-b57f-a44d7d058223'::uuid, 'd820c7e3-5a45-48f3-b199-128df22793b2'::uuid]),
       (1650, 'cd8e0715-44a5-4553-846c-96b0b0c61d09'::uuid, 'c264f2f0-5c65-4828-8d47-5e0d469755ee'::uuid,
        ARRAY ['5173b18c-4319-4c73-b57f-a44d7d058223'::uuid, '383b7b3d-1cb6-4179-af8c-4fceb09bd7b2'::uuid]),
       (1650, '4e5e1e43-e2e7-45a9-95e2-7edc8f0b8d65'::uuid, 'c264f2f0-5c65-4828-8d47-5e0d469755ee'::uuid,
        ARRAY ['5173b18c-4319-4c73-b57f-a44d7d058223'::uuid, 'e30545ea-f80a-4496-b3be-698e0f2053cc'::uuid]),
       (1800, '82f20631-e3c4-48bf-9120-e56a4848f87d'::uuid, 'c264f2f0-5c65-4828-8d47-5e0d469755ee'::uuid,
        ARRAY ['4b9dfd19-2df8-4bc6-8524-158957858970'::uuid, '6e1cdab2-5849-4410-a21f-6623ec34784f'::uuid]),
       (1800, '21dfd021-de8d-46f9-9152-3a806f8d8ee1'::uuid, 'c264f2f0-5c65-4828-8d47-5e0d469755ee'::uuid,
        ARRAY ['4b9dfd19-2df8-4bc6-8524-158957858970'::uuid, 'd820c7e3-5a45-48f3-b199-128df22793b2'::uuid]),
       (1800, 'cd8e0715-44a5-4553-846c-96b0b0c61d09'::uuid, 'c264f2f0-5c65-4828-8d47-5e0d469755ee'::uuid,
        ARRAY ['4b9dfd19-2df8-4bc6-8524-158957858970'::uuid, '383b7b3d-1cb6-4179-af8c-4fceb09bd7b2'::uuid]),
       (1800, '4e5e1e43-e2e7-45a9-95e2-7edc8f0b8d65'::uuid, 'c264f2f0-5c65-4828-8d47-5e0d469755ee'::uuid,
        ARRAY ['4b9dfd19-2df8-4bc6-8524-158957858970'::uuid, 'e30545ea-f80a-4496-b3be-698e0f2053cc'::uuid]),
       (2100, '82f20631-e3c4-48bf-9120-e56a4848f87d'::uuid, 'c264f2f0-5c65-4828-8d47-5e0d469755ee'::uuid,
        ARRAY ['051d7a24-ed65-4550-a352-e8c1ea879dd2'::uuid, '6e1cdab2-5849-4410-a21f-6623ec34784f'::uuid]),
       (2100, '21dfd021-de8d-46f9-9152-3a806f8d8ee1'::uuid, 'c264f2f0-5c65-4828-8d47-5e0d469755ee'::uuid,
        ARRAY ['051d7a24-ed65-4550-a352-e8c1ea879dd2'::uuid, 'd820c7e3-5a45-48f3-b199-128df22793b2'::uuid]),
       (2100, 'cd8e0715-44a5-4553-846c-96b0b0c61d09'::uuid, 'c264f2f0-5c65-4828-8d47-5e0d469755ee'::uuid,
        ARRAY ['051d7a24-ed65-4550-a352-e8c1ea879dd2'::uuid, '383b7b3d-1cb6-4179-af8c-4fceb09bd7b2'::uuid]),
       (2100, '4e5e1e43-e2e7-45a9-95e2-7edc8f0b8d65'::uuid, 'c264f2f0-5c65-4828-8d47-5e0d469755ee'::uuid,
        ARRAY ['051d7a24-ed65-4550-a352-e8c1ea879dd2'::uuid, 'e30545ea-f80a-4496-b3be-698e0f2053cc'::uuid]),
       (950, '14e11e4b-4cee-4ce5-a163-9409d97b18c1'::uuid, '56fea934-13bc-4dc7-a341-5f7185ac3062'::uuid,
        ARRAY ['e78e729c-00f6-42b5-873b-e59261a503c9'::uuid, '2daa2f76-f42e-4bcf-9a43-4075f2017d0a'::uuid]),
       (950, '5e387cc6-5b85-423f-bdc9-1814d5253ecb'::uuid, '56fea934-13bc-4dc7-a341-5f7185ac3062'::uuid,
        ARRAY ['e78e729c-00f6-42b5-873b-e59261a503c9'::uuid, '7e9e69dc-e18d-4eda-bb3a-d27a5aa8f15e'::uuid]),
       (1050, '14e11e4b-4cee-4ce5-a163-9409d97b18c1'::uuid, '56fea934-13bc-4dc7-a341-5f7185ac3062'::uuid,
        ARRAY ['85ae3f22-808d-4136-a7e6-9345791919bd'::uuid, '2daa2f76-f42e-4bcf-9a43-4075f2017d0a'::uuid]),
       (1050, '5e387cc6-5b85-423f-bdc9-1814d5253ecb'::uuid, '56fea934-13bc-4dc7-a341-5f7185ac3062'::uuid,
        ARRAY ['85ae3f22-808d-4136-a7e6-9345791919bd'::uuid, '7e9e69dc-e18d-4eda-bb3a-d27a5aa8f15e'::uuid]),
       (1350, '14e11e4b-4cee-4ce5-a163-9409d97b18c1'::uuid, '56fea934-13bc-4dc7-a341-5f7185ac3062'::uuid,
        ARRAY ['c189a362-bc35-4e21-8d13-1c44e11e3fe0'::uuid, '2daa2f76-f42e-4bcf-9a43-4075f2017d0a'::uuid]),
       (1350, '5e387cc6-5b85-423f-bdc9-1814d5253ecb'::uuid, '56fea934-13bc-4dc7-a341-5f7185ac3062'::uuid,
        ARRAY ['c189a362-bc35-4e21-8d13-1c44e11e3fe0'::uuid, '7e9e69dc-e18d-4eda-bb3a-d27a5aa8f15e'::uuid]),
       (1550, '14e11e4b-4cee-4ce5-a163-9409d97b18c1'::uuid, '56fea934-13bc-4dc7-a341-5f7185ac3062'::uuid,
        ARRAY ['48e7a430-72d7-4e06-9e0b-c0363b09dccf'::uuid, '2daa2f76-f42e-4bcf-9a43-4075f2017d0a'::uuid]),
       (1550, '5e387cc6-5b85-423f-bdc9-1814d5253ecb'::uuid, '56fea934-13bc-4dc7-a341-5f7185ac3062'::uuid,
        ARRAY ['48e7a430-72d7-4e06-9e0b-c0363b09dccf'::uuid, '7e9e69dc-e18d-4eda-bb3a-d27a5aa8f15e'::uuid]),
       (1750, '14e11e4b-4cee-4ce5-a163-9409d97b18c1'::uuid, '56fea934-13bc-4dc7-a341-5f7185ac3062'::uuid,
        ARRAY ['2290c21a-58e4-4035-847a-00646657503c'::uuid, '2daa2f76-f42e-4bcf-9a43-4075f2017d0a'::uuid]),
       (1750, '5e387cc6-5b85-423f-bdc9-1814d5253ecb'::uuid, '56fea934-13bc-4dc7-a341-5f7185ac3062'::uuid,
        ARRAY ['2290c21a-58e4-4035-847a-00646657503c'::uuid, '7e9e69dc-e18d-4eda-bb3a-d27a5aa8f15e'::uuid]),
       (2000, '14e11e4b-4cee-4ce5-a163-9409d97b18c1'::uuid, '56fea934-13bc-4dc7-a341-5f7185ac3062'::uuid,
        ARRAY ['9fb7defe-0961-4e11-85d5-1572bb92da36'::uuid, '2daa2f76-f42e-4bcf-9a43-4075f2017d0a'::uuid]),
       (2000, '5e387cc6-5b85-423f-bdc9-1814d5253ecb'::uuid, '56fea934-13bc-4dc7-a341-5f7185ac3062'::uuid,
        ARRAY ['9fb7defe-0961-4e11-85d5-1572bb92da36'::uuid, '7e9e69dc-e18d-4eda-bb3a-d27a5aa8f15e'::uuid]),
       (1050, 'd7161510-ba35-4129-b540-189dc9b7618d'::uuid, '726e7e31-33fb-44f0-937e-222f471bb2ed'::uuid,
        ARRAY ['e78e729c-00f6-42b5-873b-e59261a503c9'::uuid, '6e1cdab2-5849-4410-a21f-6623ec34784f'::uuid]),
       (1050, 'd795aa03-9ee3-4e15-b4cf-e6fbf1a2a020'::uuid, '726e7e31-33fb-44f0-937e-222f471bb2ed'::uuid,
        ARRAY ['e78e729c-00f6-42b5-873b-e59261a503c9'::uuid, '15fcb877-0030-47c4-ab3d-89eea546d85c'::uuid]),
       (1050, '75327fd8-dc26-4889-a4ca-8646985529f8'::uuid, '726e7e31-33fb-44f0-937e-222f471bb2ed'::uuid,
        ARRAY ['e78e729c-00f6-42b5-873b-e59261a503c9'::uuid, '0603c41e-859a-48c8-b3ec-a9d28ea4b021'::uuid]),
       (1200, 'd7161510-ba35-4129-b540-189dc9b7618d'::uuid, '726e7e31-33fb-44f0-937e-222f471bb2ed'::uuid,
        ARRAY ['85ae3f22-808d-4136-a7e6-9345791919bd'::uuid, '6e1cdab2-5849-4410-a21f-6623ec34784f'::uuid]),
       (1200, 'd795aa03-9ee3-4e15-b4cf-e6fbf1a2a020'::uuid, '726e7e31-33fb-44f0-937e-222f471bb2ed'::uuid,
        ARRAY ['85ae3f22-808d-4136-a7e6-9345791919bd'::uuid, '15fcb877-0030-47c4-ab3d-89eea546d85c'::uuid]),
       (1200, '75327fd8-dc26-4889-a4ca-8646985529f8'::uuid, '726e7e31-33fb-44f0-937e-222f471bb2ed'::uuid,
        ARRAY ['85ae3f22-808d-4136-a7e6-9345791919bd'::uuid, '0603c41e-859a-48c8-b3ec-a9d28ea4b021'::uuid]),
       (1450, 'd7161510-ba35-4129-b540-189dc9b7618d'::uuid, '726e7e31-33fb-44f0-937e-222f471bb2ed'::uuid,
        ARRAY ['c189a362-bc35-4e21-8d13-1c44e11e3fe0'::uuid, '6e1cdab2-5849-4410-a21f-6623ec34784f'::uuid]),
       (1450, 'd795aa03-9ee3-4e15-b4cf-e6fbf1a2a020'::uuid, '726e7e31-33fb-44f0-937e-222f471bb2ed'::uuid,
        ARRAY ['c189a362-bc35-4e21-8d13-1c44e11e3fe0'::uuid, '15fcb877-0030-47c4-ab3d-89eea546d85c'::uuid]),
       (1450, '75327fd8-dc26-4889-a4ca-8646985529f8'::uuid, '726e7e31-33fb-44f0-937e-222f471bb2ed'::uuid,
        ARRAY ['c189a362-bc35-4e21-8d13-1c44e11e3fe0'::uuid, '0603c41e-859a-48c8-b3ec-a9d28ea4b021'::uuid]),
       (1600, 'd7161510-ba35-4129-b540-189dc9b7618d'::uuid, '726e7e31-33fb-44f0-937e-222f471bb2ed'::uuid,
        ARRAY ['48e7a430-72d7-4e06-9e0b-c0363b09dccf'::uuid, '6e1cdab2-5849-4410-a21f-6623ec34784f'::uuid]),
       (1600, 'd795aa03-9ee3-4e15-b4cf-e6fbf1a2a020'::uuid, '726e7e31-33fb-44f0-937e-222f471bb2ed'::uuid,
        ARRAY ['48e7a430-72d7-4e06-9e0b-c0363b09dccf'::uuid, '15fcb877-0030-47c4-ab3d-89eea546d85c'::uuid]),
       (1600, '75327fd8-dc26-4889-a4ca-8646985529f8'::uuid, '726e7e31-33fb-44f0-937e-222f471bb2ed'::uuid,
        ARRAY ['48e7a430-72d7-4e06-9e0b-c0363b09dccf'::uuid, '0603c41e-859a-48c8-b3ec-a9d28ea4b021'::uuid]),
       (1850, 'd7161510-ba35-4129-b540-189dc9b7618d'::uuid, '726e7e31-33fb-44f0-937e-222f471bb2ed'::uuid,
        ARRAY ['2290c21a-58e4-4035-847a-00646657503c'::uuid, '6e1cdab2-5849-4410-a21f-6623ec34784f'::uuid]),
       (1850, 'd795aa03-9ee3-4e15-b4cf-e6fbf1a2a020'::uuid, '726e7e31-33fb-44f0-937e-222f471bb2ed'::uuid,
        ARRAY ['2290c21a-58e4-4035-847a-00646657503c'::uuid, '15fcb877-0030-47c4-ab3d-89eea546d85c'::uuid]),
       (1850, '75327fd8-dc26-4889-a4ca-8646985529f8'::uuid, '726e7e31-33fb-44f0-937e-222f471bb2ed'::uuid,
        ARRAY ['2290c21a-58e4-4035-847a-00646657503c'::uuid, '0603c41e-859a-48c8-b3ec-a9d28ea4b021'::uuid]),
       (2150, 'd7161510-ba35-4129-b540-189dc9b7618d'::uuid, '726e7e31-33fb-44f0-937e-222f471bb2ed'::uuid,
        ARRAY ['9fb7defe-0961-4e11-85d5-1572bb92da36'::uuid, '6e1cdab2-5849-4410-a21f-6623ec34784f'::uuid]),
       (2150, 'd795aa03-9ee3-4e15-b4cf-e6fbf1a2a020'::uuid, '726e7e31-33fb-44f0-937e-222f471bb2ed'::uuid,
        ARRAY ['9fb7defe-0961-4e11-85d5-1572bb92da36'::uuid, '15fcb877-0030-47c4-ab3d-89eea546d85c'::uuid]),
       (2150, '75327fd8-dc26-4889-a4ca-8646985529f8'::uuid, '726e7e31-33fb-44f0-937e-222f471bb2ed'::uuid,
        ARRAY ['9fb7defe-0961-4e11-85d5-1572bb92da36'::uuid, '0603c41e-859a-48c8-b3ec-a9d28ea4b021'::uuid]),
       (1300, '860922b2-3ee1-4826-bfa5-ed3f1807750a'::uuid, '2dd355e1-4609-4f30-b203-8a821c4bdf02'::uuid,
        ARRAY ['00e7e17d-2c55-4217-816a-b79fbedb6cfc'::uuid, '7723d2aa-f13f-4e1e-a577-3faf53cd36c0'::uuid]),
       (1300, '5a561cbe-c91c-4c78-95d5-1b936e172e4a'::uuid, '2dd355e1-4609-4f30-b203-8a821c4bdf02'::uuid,
        ARRAY ['00e7e17d-2c55-4217-816a-b79fbedb6cfc'::uuid, '0ccb1226-630c-4d9c-bf56-192354951a22'::uuid]),
       (1400, '860922b2-3ee1-4826-bfa5-ed3f1807750a'::uuid, '2dd355e1-4609-4f30-b203-8a821c4bdf02'::uuid,
        ARRAY ['00662e87-c18d-4582-bdf1-368a41b75b56'::uuid, '7723d2aa-f13f-4e1e-a577-3faf53cd36c0'::uuid]),
       (1400, '5a561cbe-c91c-4c78-95d5-1b936e172e4a'::uuid, '2dd355e1-4609-4f30-b203-8a821c4bdf02'::uuid,
        ARRAY ['00662e87-c18d-4582-bdf1-368a41b75b56'::uuid, '0ccb1226-630c-4d9c-bf56-192354951a22'::uuid]),
       (1550, '860922b2-3ee1-4826-bfa5-ed3f1807750a'::uuid, '2dd355e1-4609-4f30-b203-8a821c4bdf02'::uuid,
        ARRAY ['0cad62e9-fa5f-423c-84f0-ced8725be9a0'::uuid, '7723d2aa-f13f-4e1e-a577-3faf53cd36c0'::uuid]),
       (1550, '5a561cbe-c91c-4c78-95d5-1b936e172e4a'::uuid, '2dd355e1-4609-4f30-b203-8a821c4bdf02'::uuid,
        ARRAY ['0cad62e9-fa5f-423c-84f0-ced8725be9a0'::uuid, '0ccb1226-630c-4d9c-bf56-192354951a22'::uuid]),
       (1700, '860922b2-3ee1-4826-bfa5-ed3f1807750a'::uuid, '2dd355e1-4609-4f30-b203-8a821c4bdf02'::uuid,
        ARRAY ['7aa8ded3-e474-4586-b9a6-83929cd0729e'::uuid, '7723d2aa-f13f-4e1e-a577-3faf53cd36c0'::uuid]),
       (1700, '5a561cbe-c91c-4c78-95d5-1b936e172e4a'::uuid, '2dd355e1-4609-4f30-b203-8a821c4bdf02'::uuid,
        ARRAY ['7aa8ded3-e474-4586-b9a6-83929cd0729e'::uuid, '0ccb1226-630c-4d9c-bf56-192354951a22'::uuid]),
       (1350, '4ec73f14-6a41-48d9-b501-402f15ee1ca1'::uuid, '151d4c63-8f0e-4fa4-9ba5-9167ffbc349e'::uuid,
        ARRAY ['00e7e17d-2c55-4217-816a-b79fbedb6cfc'::uuid, 'ff90a149-e2fa-461f-b8d0-57cd003f7a89'::uuid]),
       (1350, '65280733-7cc7-449b-b3ce-1f9949c96b59'::uuid, '151d4c63-8f0e-4fa4-9ba5-9167ffbc349e'::uuid,
        ARRAY ['00e7e17d-2c55-4217-816a-b79fbedb6cfc'::uuid, 'ffa18591-c872-4781-b9a3-10986da8547f'::uuid]),
       (1450, '4ec73f14-6a41-48d9-b501-402f15ee1ca1'::uuid, '151d4c63-8f0e-4fa4-9ba5-9167ffbc349e'::uuid,
        ARRAY ['00662e87-c18d-4582-bdf1-368a41b75b56'::uuid, 'ff90a149-e2fa-461f-b8d0-57cd003f7a89'::uuid]),
       (1450, '65280733-7cc7-449b-b3ce-1f9949c96b59'::uuid, '151d4c63-8f0e-4fa4-9ba5-9167ffbc349e'::uuid,
        ARRAY ['00662e87-c18d-4582-bdf1-368a41b75b56'::uuid, 'ffa18591-c872-4781-b9a3-10986da8547f'::uuid]),
       (1600, '4ec73f14-6a41-48d9-b501-402f15ee1ca1'::uuid, '151d4c63-8f0e-4fa4-9ba5-9167ffbc349e'::uuid,
        ARRAY ['0cad62e9-fa5f-423c-84f0-ced8725be9a0'::uuid, 'ff90a149-e2fa-461f-b8d0-57cd003f7a89'::uuid]),
       (1600, '65280733-7cc7-449b-b3ce-1f9949c96b59'::uuid, '151d4c63-8f0e-4fa4-9ba5-9167ffbc349e'::uuid,
        ARRAY ['0cad62e9-fa5f-423c-84f0-ced8725be9a0'::uuid, 'ffa18591-c872-4781-b9a3-10986da8547f'::uuid]),
       (1750, '4ec73f14-6a41-48d9-b501-402f15ee1ca1'::uuid, '151d4c63-8f0e-4fa4-9ba5-9167ffbc349e'::uuid,
        ARRAY ['7aa8ded3-e474-4586-b9a6-83929cd0729e'::uuid, 'ff90a149-e2fa-461f-b8d0-57cd003f7a89'::uuid]),
       (1750, '65280733-7cc7-449b-b3ce-1f9949c96b59'::uuid, '151d4c63-8f0e-4fa4-9ba5-9167ffbc349e'::uuid,
        ARRAY ['7aa8ded3-e474-4586-b9a6-83929cd0729e'::uuid, 'ffa18591-c872-4781-b9a3-10986da8547f'::uuid])