INSERT INTO images (id, src, alt, image_list_id, list_order)
VALUES ('1f722228-7c27-4cd5-bde6-0f6574d37cf3'::uuid, '/sizes/SIZE_UNSPECIFIED.jpg', 'size SIZE_UNSPECIFIED', null, 1);
INSERT INTO images (id, src, alt, image_list_id, list_order)
VALUES ('61982168-05a6-4e86-8219-8a25eaa0a6d1'::uuid, '/sizes/XXXS.jpg', 'size XXXS', null, 1);
INSERT INTO images (id, src, alt, image_list_id, list_order)
VALUES ('e12fabad-8afb-40d3-8812-de0d03760eff'::uuid, '/sizes/XXS.jpg', 'size XXS', null, 1);
INSERT INTO images (id, src, alt, image_list_id, list_order)
VALUES ('03e36ec6-6fce-4225-b311-3a2dcd80733a'::uuid, '/sizes/XS.jpg', 'size XS', null, 1);
INSERT INTO images (id, src, alt, image_list_id, list_order)
VALUES ('f831eee7-baa6-4971-b56a-ee9248759a12'::uuid, '/sizes/S.jpg', 'size S', null, 1);
INSERT INTO images (id, src, alt, image_list_id, list_order)
VALUES ('18c33b9b-9657-4633-91fa-7b8337bdcf9b'::uuid, '/sizes/M.jpg', 'size M', null, 1);
INSERT INTO images (id, src, alt, image_list_id, list_order)
VALUES ('5f06f56b-dcf4-419f-8cc3-5707d4972516'::uuid, '/sizes/L.jpg', 'size L', null, 1);
INSERT INTO images (id, src, alt, image_list_id, list_order)
VALUES ('cd491bfa-7ea1-4448-ac2b-4aab8cbd983b'::uuid, '/sizes/XL.jpg', 'size XL', null, 1);
INSERT INTO images (id, src, alt, image_list_id, list_order)
VALUES ('a8be8c2f-50ba-42bb-8419-81ed9e8103e3'::uuid, '/sizes/XXL.jpg', 'size XXL', null, 1);
INSERT INTO images (id, src, alt, image_list_id, list_order)
VALUES ('0f78bfba-5589-40f3-9c2f-6a2de8ff7a82'::uuid, '/sizes/XXXL.jpg', 'size XXXL', null, 1);

INSERT INTO parameter_lists (id, display_name)
VALUES ('65238f5f-5c2f-401a-9398-9cd8211edabe'::uuid, 'Размер Колорадо');

INSERT INTO parameters (id, display_name, description, image_id, list_order, parameter_list_id)
VALUES ('8a2dde9d-3e7d-4eed-af42-148cb170fc05'::uuid, 'S', '50x50см', 'f831eee7-baa6-4971-b56a-ee9248759a12'::uuid, 0,
        '65238f5f-5c2f-401a-9398-9cd8211edabe'::uuid),
       ('98711746-7359-4089-90cc-ea968ebbe018'::uuid, 'M', '60x60см', '18c33b9b-9657-4633-91fa-7b8337bdcf9b'::uuid, 1,
        '65238f5f-5c2f-401a-9398-9cd8211edabe'::uuid),
       ('9d07a849-0103-4348-985b-67abcc51e8f2'::uuid, 'L', '70x70см', '5f06f56b-dcf4-419f-8cc3-5707d4972516'::uuid, 2,
        '65238f5f-5c2f-401a-9398-9cd8211edabe'::uuid),
       ('a372e513-ef42-4edc-9fa0-d77b54f26b95'::uuid, 'XL', '80x80см', 'cd491bfa-7ea1-4448-ac2b-4aab8cbd983b'::uuid, 3,
        '65238f5f-5c2f-401a-9398-9cd8211edabe'::uuid);
INSERT INTO parameter_lists (id, display_name)
VALUES ('f2dee41b-961d-4a87-a538-4e5085a8ec78'::uuid, 'Размер Норки');

INSERT INTO parameters (id, display_name, description, image_id, list_order, parameter_list_id)
VALUES ('bb86b0ef-efd4-48a6-8da2-29b9204e51a4'::uuid, 'XS', '50см', '03e36ec6-6fce-4225-b311-3a2dcd80733a'::uuid, 0,
        'f2dee41b-961d-4a87-a538-4e5085a8ec78'::uuid),
       ('ed6f10c9-7e36-4e60-b40b-a6a78d35c24d'::uuid, 'S', '60см', 'f831eee7-baa6-4971-b56a-ee9248759a12'::uuid, 1,
        'f2dee41b-961d-4a87-a538-4e5085a8ec78'::uuid),
       ('67d3b26c-e15a-4c15-b37a-f31eb192b2b3'::uuid, 'M', '70см', '18c33b9b-9657-4633-91fa-7b8337bdcf9b'::uuid, 2,
        'f2dee41b-961d-4a87-a538-4e5085a8ec78'::uuid),
       ('0a87f0f3-d79f-4224-9e93-7430e317396d'::uuid, 'L', '80см', '5f06f56b-dcf4-419f-8cc3-5707d4972516'::uuid, 3,
        'f2dee41b-961d-4a87-a538-4e5085a8ec78'::uuid);
INSERT INTO parameter_lists (id, display_name)
VALUES ('e0415844-7673-4f83-b5c0-c90295f41de4'::uuid, 'Размер Подушки');

INSERT INTO parameters (id, display_name, description, image_id, list_order, parameter_list_id)
VALUES ('668f29a3-fa1f-4850-9f65-c405d7130ff6'::uuid, 'S', '45x35см', 'f831eee7-baa6-4971-b56a-ee9248759a12'::uuid, 0,
        'e0415844-7673-4f83-b5c0-c90295f41de4'::uuid),
       ('e263e84a-56c5-454d-9dc5-e500279d92a6'::uuid, 'M', '60x40см', '18c33b9b-9657-4633-91fa-7b8337bdcf9b'::uuid, 1,
        'e0415844-7673-4f83-b5c0-c90295f41de4'::uuid),
       ('305f6bf4-0466-4624-91c5-7b2fd074b157'::uuid, 'L', '65х45см', '5f06f56b-dcf4-419f-8cc3-5707d4972516'::uuid, 2,
        'e0415844-7673-4f83-b5c0-c90295f41de4'::uuid);
INSERT INTO parameter_lists (id, display_name)
VALUES ('6ba07cde-85a8-47f1-948f-3b7197c3c45f'::uuid, 'Размер Чемодана');

INSERT INTO parameters (id, display_name, description, image_id, list_order, parameter_list_id)
VALUES ('ad7bea41-6bdc-4417-9e4e-6c477f497b95'::uuid, 'S', '70x50см', 'f831eee7-baa6-4971-b56a-ee9248759a12'::uuid, 0,
        '6ba07cde-85a8-47f1-948f-3b7197c3c45f'::uuid),
       ('50335889-cd3c-449c-89f5-40cbeaff326e'::uuid, 'M', '90x60см', '18c33b9b-9657-4633-91fa-7b8337bdcf9b'::uuid, 1,
        '6ba07cde-85a8-47f1-948f-3b7197c3c45f'::uuid),
       ('48365934-44a2-4983-9940-3a20d7f1a7b5'::uuid, 'L', '110x70см', '5f06f56b-dcf4-419f-8cc3-5707d4972516'::uuid, 2,
        '6ba07cde-85a8-47f1-948f-3b7197c3c45f'::uuid),
       ('3fe8a88a-c375-4dad-9400-f752296c56db'::uuid, 'XL', '120x80см', 'cd491bfa-7ea1-4448-ac2b-4aab8cbd983b'::uuid, 3,
        '6ba07cde-85a8-47f1-948f-3b7197c3c45f'::uuid),
       ('1faee0d3-03d3-4187-93dd-f68f8b0810e9'::uuid, 'XXL', '140x100см', 'a8be8c2f-50ba-42bb-8419-81ed9e8103e3'::uuid,
        4, '6ba07cde-85a8-47f1-948f-3b7197c3c45f'::uuid);
INSERT INTO parameter_lists (id, display_name)
VALUES ('0f1eaf2a-cfb4-433f-8987-3a96c1a64263'::uuid, 'Размер Квадро');

INSERT INTO parameters (id, display_name, description, image_id, list_order, parameter_list_id)
VALUES ('2e6205ba-6a60-4a9f-a8aa-f8ee9950f294'::uuid, 'XS', '50x40см', '03e36ec6-6fce-4225-b311-3a2dcd80733a'::uuid, 0,
        '0f1eaf2a-cfb4-433f-8987-3a96c1a64263'::uuid),
       ('5a997fdf-a766-47b1-a561-acc7470417b8'::uuid, 'S', '60x45см', 'f831eee7-baa6-4971-b56a-ee9248759a12'::uuid, 1,
        '0f1eaf2a-cfb4-433f-8987-3a96c1a64263'::uuid),
       ('5be0f150-b588-43dc-9b73-ce0f00b64d3b'::uuid, 'M', '70x50см', '18c33b9b-9657-4633-91fa-7b8337bdcf9b'::uuid, 2,
        '0f1eaf2a-cfb4-433f-8987-3a96c1a64263'::uuid),
       ('8a51b13c-3ba0-462f-88c9-b1ff74924fd5'::uuid, 'L', '90х60см', '5f06f56b-dcf4-419f-8cc3-5707d4972516'::uuid, 3,
        '0f1eaf2a-cfb4-433f-8987-3a96c1a64263'::uuid),
       ('62f30bd5-b568-44bc-8436-535281827265'::uuid, 'XL', '110x70см', 'cd491bfa-7ea1-4448-ac2b-4aab8cbd983b'::uuid, 4,
        '0f1eaf2a-cfb4-433f-8987-3a96c1a64263'::uuid),
       ('bfea9d7c-cadf-4053-94d6-1191d18a231b'::uuid, 'XXL', '140x100см', 'a8be8c2f-50ba-42bb-8419-81ed9e8103e3'::uuid,
        5, '0f1eaf2a-cfb4-433f-8987-3a96c1a64263'::uuid);
INSERT INTO parameter_lists (id, display_name)
VALUES ('c861fa23-69c0-4fdd-85fe-282a14cfb79f'::uuid, 'Размер Лукошко');

INSERT INTO parameters (id, display_name, description, image_id, list_order, parameter_list_id)
VALUES ('044d88b1-e9bb-48a5-b384-9f5717a635db'::uuid, 'XS', 'Диаметр 50см',
        '03e36ec6-6fce-4225-b311-3a2dcd80733a'::uuid, 0, 'c861fa23-69c0-4fdd-85fe-282a14cfb79f'::uuid),
       ('2ffe4e4f-19c2-4405-acae-e33c78ca0d97'::uuid, 'S', 'Диаметр 60см', 'f831eee7-baa6-4971-b56a-ee9248759a12'::uuid,
        1, 'c861fa23-69c0-4fdd-85fe-282a14cfb79f'::uuid),
       ('c87f0250-5f9f-4add-a0c7-915f6069873f'::uuid, 'M', 'Диаметр 70см', '18c33b9b-9657-4633-91fa-7b8337bdcf9b'::uuid,
        2, 'c861fa23-69c0-4fdd-85fe-282a14cfb79f'::uuid),
       ('81e9f290-bc9e-4c12-a45f-c23748468505'::uuid, 'L', 'Диаметр 80см', '5f06f56b-dcf4-419f-8cc3-5707d4972516'::uuid,
        3, 'c861fa23-69c0-4fdd-85fe-282a14cfb79f'::uuid);
INSERT INTO parameter_lists (id, display_name)
VALUES ('268bb115-d595-4c48-99aa-96bee15577c9'::uuid, 'Размер Кресла');

INSERT INTO parameters (id, display_name, description, image_id, list_order, parameter_list_id)
VALUES ('37191528-3908-49f2-a9b5-9bbc292cf913'::uuid, 'S', '30x30x23см', 'f831eee7-baa6-4971-b56a-ee9248759a12'::uuid,
        0, '268bb115-d595-4c48-99aa-96bee15577c9'::uuid),
       ('7e277799-f67e-4199-88e0-2ff0efa66851'::uuid, 'M', '45x45x37см', '18c33b9b-9657-4633-91fa-7b8337bdcf9b'::uuid,
        1, '268bb115-d595-4c48-99aa-96bee15577c9'::uuid);

INSERT INTO images (id, src, alt, image_list_id, list_order)
VALUES ('630f4cc3-c476-4470-9b3f-b4b1f3e77f57'::uuid, '', '', null, 0);

INSERT INTO categories (id, readable_id, display_name, description)
VALUES ('e7aba193-db89-4fdb-8780-8052ad0493c5'::uuid, 'beds', 'Лежанки', 'Лежанки для питомцев'),
       ('7c6fe250-426d-41c6-b337-6ea972368062'::uuid, 'ammo', 'Аммуниция', 'Аммуниция для питомцев');

INSERT INTO parameter_lists (id, display_name)
VALUES ('bd59852a-0b45-4462-9a57-1f8c5ea7f7ee'::uuid, 'Тканина');
INSERT INTO parameter_lists (id, display_name)
VALUES ('36852ccd-8386-4754-92f3-1d000a3e168a'::uuid, 'Тканина');
INSERT INTO parameter_lists (id, display_name)
VALUES ('a12628b3-aca5-4a13-a66b-c5be2fdf0811'::uuid, 'Тканина');

INSERT INTO images (id, src, alt, image_list_id, list_order)
VALUES ('51757754-a751-4e8e-b719-140ec0ad0cc9'::uuid, '/fabrics/av/av-01.png', 'Ткань цвета алюминий', null, 0),
       ('6597f2cc-b0be-4c01-851b-80cd0cbe68a7'::uuid, '/fabrics/av/av-02.png', 'Ткань цвета серый туман', null, 0),
       ('d720e81b-4cf5-4511-9ac0-ae66cf2ef77b'::uuid, '/fabrics/av/av-04.png', 'Ткань цвета сантал', null, 0),
       ('95e3d9c2-be79-4f37-8b05-20d0e9d95942'::uuid, '/fabrics/av/av-06.png', 'Ткань цвета какао', null, 0),
       ('04c9f226-08b9-4a70-a810-6fd5286194de'::uuid, '/fabrics/av/av-07.png', 'Ткань желтого цвета', null, 0),
       ('62f24415-885c-4e5c-9673-c31f3e7d9c4a'::uuid, '/fabrics/av/av-10.png', 'Ткань цвета пыльная роза', null, 0),
       ('18ba322a-5824-48cf-a6f5-437da473b6d7'::uuid, '/fabrics/av/av-11.png', 'Ткань цвета Бирюза', null, 0),
       ('6e5caabc-b94a-408b-9ac5-8af8cf52e319'::uuid, '/fabrics/av/av-12.png', 'Ткань цвета изумруд', null, 0),
       ('771e70a2-0651-4da6-928f-0c61ad08e678'::uuid, '/fabrics/av/av-13.png', 'Ткань цвета васаби', null, 0),
       ('3020399d-13af-41f6-aec6-82b3c328f988'::uuid, '/fabrics/av/av-14.png', 'Ткань цвета астронавт', null, 0),
       ('a6e74506-4d0b-40e5-b408-85bbbfa9cf79'::uuid, '/fabrics/av/av-15.png', 'Ткань цвета серебро', null, 0),
       ('4bb01dd2-524b-4b4a-9d19-d4116ad3094c'::uuid, '/fabrics/av/av-17.png', 'Ткань серого цвета', null, 0),
       ('e778277e-2c2c-4e89-ad53-05951e08607b'::uuid, '/fabrics/av/av-18.png', 'Черная ткань', null, 0),
       ('0ddc8bbc-a96f-437b-93bf-9bb0ce82eccf'::uuid, '/fabrics/av/av-06-10.png', 'Ткань цвета какао и розы', null, 0),
       ('f8bf6f61-5036-46a2-86ed-eaddd4fc3f52'::uuid, '/fabrics/av/av-07-18.png', 'Ткань черного и розового цвета',
        null, 0),
       ('016ba41b-7942-40b0-b17c-8479e9e09982'::uuid, '/fabrics/av/av-18.png', 'Ткань черного цвета', null, 0),
       ('8e48c1bb-16ea-4ce3-ba78-c2045ba5ec91'::uuid, '/fabrics/vic/vic-20.JPG', 'Молочная ткань', null, 0),
       ('9747a917-16f0-40fb-a151-f5c199538b2c'::uuid, '/fabrics/vic/vic-21.JPG', 'Ткань цвета капучино', null, 0),
       ('08681b37-ec45-4006-a479-f95d3a6813cc'::uuid, '/fabrics/vic/vic-22.JPG', 'Ткань оливково серого цвета', null,
        0),
       ('b49e3ee7-d800-4db5-b2b9-4467774d7a2f'::uuid, '/fabrics/vic/vic-32.JPG', 'Ткань цвета хиллари', null, 0),
       ('29b85b20-b22e-4a53-8458-917bf62c6486'::uuid, '/fabrics/vic/vic-34.JPG', 'Ткань цвета кофе', null, 0),
       ('5351709f-4343-4305-851f-77fee803e456'::uuid, '/fabrics/vic/vic-36.JPG', 'Ткань цвета шоколад', null, 0),
       ('1898104b-3ea4-4a4e-bfff-f96082aaa6f9'::uuid, '/fabrics/vic/vic-66.JPG', 'Ткань цвета орхидея', null, 0),
       ('d40af089-9bf4-4780-af4f-1ccc1e22be46'::uuid, '/fabrics/vic/vic-70.JPG', 'Ткань цвета васаби', null, 0),
       ('710c2f2f-9938-470a-81e3-c66595dd141a'::uuid, '/fabrics/vic/vic-80.JPG', 'Ткань цвета аквамарин', null, 0),
       ('04794b72-f105-4783-b4b0-b5043022f4a3'::uuid, '/fabrics/vic/vic-88.JPG', 'Ткань цвета синий зодиак', null, 0),
       ('99dd035c-456c-472a-8135-d3fb22c18f17'::uuid, '/fabrics/vic/vic-93.JPG', 'Ткань цвета серебро', null, 0),
       ('95df9588-5c40-4420-9fd0-a59db7961b1c'::uuid, '/fabrics/vic/vic-100.JPG', 'Ткань цвета черный', null, 0);

INSERT INTO parameters (id, display_name, image_id, list_order, parameter_list_id)
VALUES ('c3bfe3b2-4cc6-4a7c-942a-2450db6d237c'::uuid, 'Алюминий', '51757754-a751-4e8e-b719-140ec0ad0cc9'::uuid, 0,
        'bd59852a-0b45-4462-9a57-1f8c5ea7f7ee'::uuid),
       ('e44751e2-b283-4186-a894-d540373b0cb2'::uuid, 'Серый туман', '6597f2cc-b0be-4c01-851b-80cd0cbe68a7'::uuid, 1,
        'bd59852a-0b45-4462-9a57-1f8c5ea7f7ee'::uuid),
       ('9e8764a2-7202-47bd-ac1a-41e4302cd91b'::uuid, 'Сантал', 'd720e81b-4cf5-4511-9ac0-ae66cf2ef77b'::uuid, 2,
        'bd59852a-0b45-4462-9a57-1f8c5ea7f7ee'::uuid),
       ('1b953d97-0a1d-4f29-98b5-166773e7ed01'::uuid, 'Какао', '95e3d9c2-be79-4f37-8b05-20d0e9d95942'::uuid, 3,
        'bd59852a-0b45-4462-9a57-1f8c5ea7f7ee'::uuid),
       ('4cfa3585-82ba-4813-b639-7b8afdc867f5'::uuid, 'Желтый', '04c9f226-08b9-4a70-a810-6fd5286194de'::uuid, 4,
        'bd59852a-0b45-4462-9a57-1f8c5ea7f7ee'::uuid),
       ('debbce28-368b-4dc1-b845-ca4241f7e22d'::uuid, 'Пыльная роза', '62f24415-885c-4e5c-9673-c31f3e7d9c4a'::uuid, 5,
        'bd59852a-0b45-4462-9a57-1f8c5ea7f7ee'::uuid),
       ('bdc121d7-bb31-403f-9ae6-6bfda972b9bc'::uuid, 'Бирюза', '18ba322a-5824-48cf-a6f5-437da473b6d7'::uuid, 6,
        'bd59852a-0b45-4462-9a57-1f8c5ea7f7ee'::uuid),
       ('81a4437a-25f1-4a43-8963-8bd0cca97528'::uuid, 'Изумруд', '6e5caabc-b94a-408b-9ac5-8af8cf52e319'::uuid, 7,
        'bd59852a-0b45-4462-9a57-1f8c5ea7f7ee'::uuid),
       ('b831aacc-2600-4318-bc17-0cf8b5272c4c'::uuid, 'Гольфстрим', '771e70a2-0651-4da6-928f-0c61ad08e678'::uuid, 8,
        'bd59852a-0b45-4462-9a57-1f8c5ea7f7ee'::uuid),
       ('25e715c4-7397-46f2-9ca1-2fafa5a4010c'::uuid, 'Астронавт', '3020399d-13af-41f6-aec6-82b3c328f988'::uuid, 9,
        'bd59852a-0b45-4462-9a57-1f8c5ea7f7ee'::uuid),
       ('6d404ddb-7ff4-4635-82f9-dd60428f909d'::uuid, 'Серебро', 'a6e74506-4d0b-40e5-b408-85bbbfa9cf79'::uuid, 10,
        'bd59852a-0b45-4462-9a57-1f8c5ea7f7ee'::uuid),
       ('da84df49-20a9-4c20-bff4-6c7ee5883fbe'::uuid, 'Серый', '4bb01dd2-524b-4b4a-9d19-d4116ad3094c'::uuid, 11,
        'bd59852a-0b45-4462-9a57-1f8c5ea7f7ee'::uuid),
       ('7d78b616-d059-4635-bf47-00ff9c80775f'::uuid, 'Черный', 'e778277e-2c2c-4e89-ad53-05951e08607b'::uuid, 12,
        'bd59852a-0b45-4462-9a57-1f8c5ea7f7ee'::uuid),
       ('3ab0af55-8381-4139-9754-749b0fcd03f6'::uuid, 'Какао и Роза', '0ddc8bbc-a96f-437b-93bf-9bb0ce82eccf'::uuid, 13,
        'bd59852a-0b45-4462-9a57-1f8c5ea7f7ee'::uuid),
       ('d97e7129-204b-48e4-81da-78b42516d94e'::uuid, 'Желтый и Черный', 'f8bf6f61-5036-46a2-86ed-eaddd4fc3f52'::uuid,
        14, 'bd59852a-0b45-4462-9a57-1f8c5ea7f7ee'::uuid),
       ('8b8bfa94-30bb-48e0-b873-ba6265d02816'::uuid, 'Черный', 'e778277e-2c2c-4e89-ad53-05951e08607b'::uuid, 0,
        '36852ccd-8386-4754-92f3-1d000a3e168a'::uuid),
       ('a8064141-8df4-4823-9a11-21e47bd1dc89'::uuid, 'Молочный', '8e48c1bb-16ea-4ce3-ba78-c2045ba5ec91'::uuid, 0,
        'a12628b3-aca5-4a13-a66b-c5be2fdf0811'::uuid),
       ('8f9c4bd7-29d2-458f-a351-c01bda602ab3'::uuid, 'Капучино', '9747a917-16f0-40fb-a151-f5c199538b2c'::uuid, 1,
        'a12628b3-aca5-4a13-a66b-c5be2fdf0811'::uuid),
       ('7ae14a24-c21f-4ccd-80e4-029a30366ca1'::uuid, 'Olive Grey', '08681b37-ec45-4006-a479-f95d3a6813cc'::uuid, 2,
        'a12628b3-aca5-4a13-a66b-c5be2fdf0811'::uuid),
       ('f6819611-77b1-4e2d-aff5-b08f88fef8b0'::uuid, 'Хиллари', 'b49e3ee7-d800-4db5-b2b9-4467774d7a2f'::uuid, 3,
        'a12628b3-aca5-4a13-a66b-c5be2fdf0811'::uuid),
       ('79299b56-592e-4245-8474-421829c4c791'::uuid, 'Кофе', '29b85b20-b22e-4a53-8458-917bf62c6486'::uuid, 4,
        'a12628b3-aca5-4a13-a66b-c5be2fdf0811'::uuid),
       ('08791e69-ee05-4e71-93a9-a804f938cd3c'::uuid, 'Шоколад', '5351709f-4343-4305-851f-77fee803e456'::uuid, 5,
        'a12628b3-aca5-4a13-a66b-c5be2fdf0811'::uuid),
       ('ed900edb-f623-4f23-9355-5519755af207'::uuid, 'Орхидея', '1898104b-3ea4-4a4e-bfff-f96082aaa6f9'::uuid, 6,
        'a12628b3-aca5-4a13-a66b-c5be2fdf0811'::uuid),
       ('97153476-06d7-41af-87ac-ca6217db894e'::uuid, 'Васаби', 'd40af089-9bf4-4780-af4f-1ccc1e22be46'::uuid, 7,
        'a12628b3-aca5-4a13-a66b-c5be2fdf0811'::uuid),
       ('f0572473-4a9c-4043-ad82-8d82a0f1c73b'::uuid, 'Аквамарин', '710c2f2f-9938-470a-81e3-c66595dd141a'::uuid, 8,
        'a12628b3-aca5-4a13-a66b-c5be2fdf0811'::uuid),
       ('962214da-390f-4c82-9849-73c37677b1b0'::uuid, 'Синий зодиак', '04794b72-f105-4783-b4b0-b5043022f4a3'::uuid, 9,
        'a12628b3-aca5-4a13-a66b-c5be2fdf0811'::uuid),
       ('d92ea038-60d7-4c51-bf43-d99095891ddc'::uuid, 'Серебро', '99dd035c-456c-472a-8135-d3fb22c18f17'::uuid, 10,
        'a12628b3-aca5-4a13-a66b-c5be2fdf0811'::uuid),
       ('04363d65-53fc-4a6a-b801-402f1b3e88d6'::uuid, 'Черный', '95df9588-5c40-4420-9fd0-a59db7961b1c'::uuid, 11,
        'a12628b3-aca5-4a13-a66b-c5be2fdf0811'::uuid);

INSERT INTO image_lists (id, display_name)
VALUES ('0ce169be-c0ae-404f-914e-5f2e85bb21ef'::uuid, 'Автокресло Image List');
INSERT INTO images (src, alt, image_list_id, list_order)
VALUES ('/beds/kreslo/kr-black/IMG_2661.jpg', 'TODO', '0ce169be-c0ae-404f-914e-5f2e85bb21ef'::uuid, 0),
       ('/beds/kreslo/kr-black/IMG_2663.jpg', 'TODO', '0ce169be-c0ae-404f-914e-5f2e85bb21ef'::uuid, 1),
       ('/beds/kreslo/kr-black/IMG_2664.jpg', 'TODO', '0ce169be-c0ae-404f-914e-5f2e85bb21ef'::uuid, 2),
       ('/beds/kreslo/kr-black/IMG_2668.jpg', 'TODO', '0ce169be-c0ae-404f-914e-5f2e85bb21ef'::uuid, 3),
       ('/beds/kreslo/kr-black/IMG_2669.jpg', 'TODO', '0ce169be-c0ae-404f-914e-5f2e85bb21ef'::uuid, 4),
       ('/beds/kreslo/kr-black/IMG_2686.jpg', 'TODO', '0ce169be-c0ae-404f-914e-5f2e85bb21ef'::uuid, 5),
       ('/beds/kreslo/kr-black/IMG_2689.jpg', 'TODO', '0ce169be-c0ae-404f-914e-5f2e85bb21ef'::uuid, 6),
       ('/beds/kreslo/kr-black/IMG_2695.jpg', 'TODO', '0ce169be-c0ae-404f-914e-5f2e85bb21ef'::uuid, 7),
       ('/beds/kreslo/kr-black/IMG_2697.jpg', 'TODO', '0ce169be-c0ae-404f-914e-5f2e85bb21ef'::uuid, 8),
       ('/beds/kreslo/kr-black/sumka_cherna.jpg', 'TODO', '0ce169be-c0ae-404f-914e-5f2e85bb21ef'::uuid, 9),
       ('/beds/kreslo/kr-black/sumka_cherna2.jpg', 'TODO', '0ce169be-c0ae-404f-914e-5f2e85bb21ef'::uuid, 10),
       ('/beds/kreslo/kr-black/sumka_cherna3.jpg', 'TODO', '0ce169be-c0ae-404f-914e-5f2e85bb21ef'::uuid, 11),
       ('/beds/kreslo/kr-black/sumka_cherna4.jpg', 'TODO', '0ce169be-c0ae-404f-914e-5f2e85bb21ef'::uuid, 12),
       ('/beds/kreslo/kr-black/sumka_cherna_1.jpg', 'TODO', '0ce169be-c0ae-404f-914e-5f2e85bb21ef'::uuid, 13),
       ('/beds/kreslo/kr-black/sumka_cherna_s_sobako.jpg', 'TODO', '0ce169be-c0ae-404f-914e-5f2e85bb21ef'::uuid, 14),
       ('/beds/kreslo/kr-black/sumkacherna_naokne.jpg', 'TODO', '0ce169be-c0ae-404f-914e-5f2e85bb21ef'::uuid, 15);

INSERT INTO image_lists (id, display_name)
VALUES ('596fdeaa-1b9e-421a-a2ab-d9d749b00f85'::uuid, 'Колорадо Image List');
INSERT INTO images (src, alt, image_list_id, list_order)
VALUES ('/beds/kolorado/av-06-10/IMG_1844.jpg', 'TODO', '596fdeaa-1b9e-421a-a2ab-d9d749b00f85'::uuid, 0),
       ('/beds/kolorado/av-06-10/IMG_1845.jpg', 'TODO', '596fdeaa-1b9e-421a-a2ab-d9d749b00f85'::uuid, 1),
       ('/beds/kolorado/av-06-10/IMG_1846.jpg', 'TODO', '596fdeaa-1b9e-421a-a2ab-d9d749b00f85'::uuid, 2),
       ('/beds/kolorado/av-06-10/IMG_1847.jpg', 'TODO', '596fdeaa-1b9e-421a-a2ab-d9d749b00f85'::uuid, 3),
       ('/beds/kolorado/av-06-10/IMG_1849.jpg', 'TODO', '596fdeaa-1b9e-421a-a2ab-d9d749b00f85'::uuid, 4),
       ('/beds/kolorado/av-06-10/IMG_185.jpg', 'TODO', '596fdeaa-1b9e-421a-a2ab-d9d749b00f85'::uuid, 5),
       ('/beds/kolorado/av-06-10/IMG_1852.jpg', 'TODO', '596fdeaa-1b9e-421a-a2ab-d9d749b00f85'::uuid, 6),
       ('/beds/kolorado/av-06-10/IMG_1854.jpg', 'TODO', '596fdeaa-1b9e-421a-a2ab-d9d749b00f85'::uuid, 7),
       ('/beds/kolorado/av-06-10/IMG_1855.jpg', 'TODO', '596fdeaa-1b9e-421a-a2ab-d9d749b00f85'::uuid, 8),
       ('/beds/kolorado/av-06-10/IMG_1856.jpg', 'TODO', '596fdeaa-1b9e-421a-a2ab-d9d749b00f85'::uuid, 9),
       ('/beds/kolorado/av-06-10/IMG_2375.jpg', 'TODO', '596fdeaa-1b9e-421a-a2ab-d9d749b00f85'::uuid, 10),
       ('/beds/kolorado/av-06-10/IMG_238.jpg', 'TODO', '596fdeaa-1b9e-421a-a2ab-d9d749b00f85'::uuid, 11),
       ('/beds/kolorado/av-06-10/IMG_2385.jpg', 'TODO', '596fdeaa-1b9e-421a-a2ab-d9d749b00f85'::uuid, 12),
       ('/beds/kolorado/av-06-10/IMG_2387.jpg', 'TODO', '596fdeaa-1b9e-421a-a2ab-d9d749b00f85'::uuid, 13),
       ('/beds/kolorado/av-06-10/IMG_2388.jpg', 'TODO', '596fdeaa-1b9e-421a-a2ab-d9d749b00f85'::uuid, 14),
       ('/beds/kolorado/av-06-10/IMG_2389.jpg', 'TODO', '596fdeaa-1b9e-421a-a2ab-d9d749b00f85'::uuid, 15),
       ('/beds/kolorado/av-06-10/IMG_2393.jpg', 'TODO', '596fdeaa-1b9e-421a-a2ab-d9d749b00f85'::uuid, 16),
       ('/beds/kolorado/av-06-10/IMG_2397.jpg', 'TODO', '596fdeaa-1b9e-421a-a2ab-d9d749b00f85'::uuid, 17),
       ('/beds/kolorado/av-06-10/IMG_2399.jpg', 'TODO', '596fdeaa-1b9e-421a-a2ab-d9d749b00f85'::uuid, 18),
       ('/beds/kolorado/av-06-10/IMG_24.jpg', 'TODO', '596fdeaa-1b9e-421a-a2ab-d9d749b00f85'::uuid, 19),
       ('/beds/kolorado/av-06-10/IMG_2412.jpg', 'TODO', '596fdeaa-1b9e-421a-a2ab-d9d749b00f85'::uuid, 20),
       ('/beds/kolorado/av-06-10/IMG_2414.jpg', 'TODO', '596fdeaa-1b9e-421a-a2ab-d9d749b00f85'::uuid, 21),
       ('/beds/kolorado/av-06-10/IMG_2421.jpg', 'TODO', '596fdeaa-1b9e-421a-a2ab-d9d749b00f85'::uuid, 22),
       ('/beds/kolorado/av-06-10/IMG_2425.jpg', 'TODO', '596fdeaa-1b9e-421a-a2ab-d9d749b00f85'::uuid, 23),
       ('/beds/kolorado/av-06-10/IMG_2427.jpg', 'TODO', '596fdeaa-1b9e-421a-a2ab-d9d749b00f85'::uuid, 24),
       ('/beds/kolorado/av-07-18/IMG_1954.jpg', 'TODO', '596fdeaa-1b9e-421a-a2ab-d9d749b00f85'::uuid, 25),
       ('/beds/kolorado/av-07-18/IMG_1955.jpg', 'TODO', '596fdeaa-1b9e-421a-a2ab-d9d749b00f85'::uuid, 26),
       ('/beds/kolorado/av-07-18/IMG_1957.jpg', 'TODO', '596fdeaa-1b9e-421a-a2ab-d9d749b00f85'::uuid, 27),
       ('/beds/kolorado/av-07-18/IMG_1958.jpg', 'TODO', '596fdeaa-1b9e-421a-a2ab-d9d749b00f85'::uuid, 28),
       ('/beds/kolorado/av-07-18/IMG_1959.jpg', 'TODO', '596fdeaa-1b9e-421a-a2ab-d9d749b00f85'::uuid, 29),
       ('/beds/kolorado/av-07-18/IMG_1961.jpg', 'TODO', '596fdeaa-1b9e-421a-a2ab-d9d749b00f85'::uuid, 30),
       ('/beds/kolorado/av-07-18/IMG_1963.jpg', 'TODO', '596fdeaa-1b9e-421a-a2ab-d9d749b00f85'::uuid, 31),
       ('/beds/kolorado/av-07-18/IMG_1966.jpg', 'TODO', '596fdeaa-1b9e-421a-a2ab-d9d749b00f85'::uuid, 32),
       ('/beds/kolorado/av-07-18/IMG_1968.jpg', 'TODO', '596fdeaa-1b9e-421a-a2ab-d9d749b00f85'::uuid, 33),
       ('/beds/kolorado/av-07-18/IMG_2511.jpg', 'TODO', '596fdeaa-1b9e-421a-a2ab-d9d749b00f85'::uuid, 34),
       ('/beds/kolorado/av-07-18/IMG_2517.jpg', 'TODO', '596fdeaa-1b9e-421a-a2ab-d9d749b00f85'::uuid, 35),
       ('/beds/kolorado/av-07-18/IMG_2519.jpg', 'TODO', '596fdeaa-1b9e-421a-a2ab-d9d749b00f85'::uuid, 36),
       ('/beds/kolorado/av-07-18/IMG_2527.jpg', 'TODO', '596fdeaa-1b9e-421a-a2ab-d9d749b00f85'::uuid, 37),
       ('/beds/kolorado/av-07-18/IMG_2534.jpg', 'TODO', '596fdeaa-1b9e-421a-a2ab-d9d749b00f85'::uuid, 38),
       ('/beds/kolorado/av-07-18/IMG_2535.jpg', 'TODO', '596fdeaa-1b9e-421a-a2ab-d9d749b00f85'::uuid, 39),
       ('/beds/kolorado/av-07-18/IMG_2537.jpg', 'TODO', '596fdeaa-1b9e-421a-a2ab-d9d749b00f85'::uuid, 40),
       ('/beds/kolorado/av-07-18/IMG_254.jpg', 'TODO', '596fdeaa-1b9e-421a-a2ab-d9d749b00f85'::uuid, 41);

INSERT INTO image_lists (id, display_name)
VALUES ('74c4fcfb-50b8-4f62-8cd2-d41d1af2350b'::uuid, 'Норка Image List');
INSERT INTO images (src, alt, image_list_id, list_order)
VALUES ('/beds/norka/av-14/IMG_2474.jpg', 'TODO', '74c4fcfb-50b8-4f62-8cd2-d41d1af2350b'::uuid, 0),
       ('/beds/norka/av-14/IMG_2478.jpg', 'TODO', '74c4fcfb-50b8-4f62-8cd2-d41d1af2350b'::uuid, 1),
       ('/beds/norka/av-14/IMG_248.jpg', 'TODO', '74c4fcfb-50b8-4f62-8cd2-d41d1af2350b'::uuid, 2),
       ('/beds/norka/av-14/IMG_2489.jpg', 'TODO', '74c4fcfb-50b8-4f62-8cd2-d41d1af2350b'::uuid, 3),
       ('/beds/norka/av-14/IMG_249.jpg', 'TODO', '74c4fcfb-50b8-4f62-8cd2-d41d1af2350b'::uuid, 4),
       ('/beds/norka/av-14/IMG_2492.jpg', 'TODO', '74c4fcfb-50b8-4f62-8cd2-d41d1af2350b'::uuid, 5),
       ('/beds/norka/av-14/norka_sin.jpg', 'TODO', '74c4fcfb-50b8-4f62-8cd2-d41d1af2350b'::uuid, 6),
       ('/beds/norka/av-14/norka_sin2.jpg', 'TODO', '74c4fcfb-50b8-4f62-8cd2-d41d1af2350b'::uuid, 7),
       ('/beds/norka/av-14/norka_sin3.jpg', 'TODO', '74c4fcfb-50b8-4f62-8cd2-d41d1af2350b'::uuid, 8),
       ('/beds/norka/av-14/norka_sin4.jpg', 'TODO', '74c4fcfb-50b8-4f62-8cd2-d41d1af2350b'::uuid, 9),
       ('/beds/norka/av-14/norka_sin5.jpg', 'TODO', '74c4fcfb-50b8-4f62-8cd2-d41d1af2350b'::uuid, 10),
       ('/beds/norka/av-14/norkasin_devochka.jpg', 'TODO', '74c4fcfb-50b8-4f62-8cd2-d41d1af2350b'::uuid, 11),
       ('/beds/norka/av-14/norkasin_sobaka.jpg', 'TODO', '74c4fcfb-50b8-4f62-8cd2-d41d1af2350b'::uuid, 12);

INSERT INTO image_lists (id, display_name)
VALUES ('842238cc-3fc3-42eb-9192-e65e781200b3'::uuid, 'Подушка Image List');
INSERT INTO images (src, alt, image_list_id, list_order)
VALUES ('/beds/podushka/vic-70/IMG_2228.jpg', 'TODO', '842238cc-3fc3-42eb-9192-e65e781200b3'::uuid, 0),
       ('/beds/podushka/vic-70/IMG_223.jpg', 'TODO', '842238cc-3fc3-42eb-9192-e65e781200b3'::uuid, 1),
       ('/beds/podushka/vic-70/IMG_2231.jpg', 'TODO', '842238cc-3fc3-42eb-9192-e65e781200b3'::uuid, 2),
       ('/beds/podushka/vic-70/IMG_2238.jpg', 'TODO', '842238cc-3fc3-42eb-9192-e65e781200b3'::uuid, 3),
       ('/beds/podushka/vic-70/IMG_2241.jpg', 'TODO', '842238cc-3fc3-42eb-9192-e65e781200b3'::uuid, 4),
       ('/beds/podushka/vic-70/IMG_2242.jpg', 'TODO', '842238cc-3fc3-42eb-9192-e65e781200b3'::uuid, 5),
       ('/beds/podushka/vic-70/IMG_2248.jpg', 'TODO', '842238cc-3fc3-42eb-9192-e65e781200b3'::uuid, 6),
       ('/beds/podushka/vic-70/IMG_2595.jpg', 'TODO', '842238cc-3fc3-42eb-9192-e65e781200b3'::uuid, 7),
       ('/beds/podushka/vic-70/podushka_zelena.jpg', 'TODO', '842238cc-3fc3-42eb-9192-e65e781200b3'::uuid, 8),
       ('/beds/podushka/vic-70/podushka_zelena1.jpg', 'TODO', '842238cc-3fc3-42eb-9192-e65e781200b3'::uuid, 9),
       ('/beds/podushka/vic-70/podushka_zelena2.jpg', 'TODO', '842238cc-3fc3-42eb-9192-e65e781200b3'::uuid, 10),
       ('/beds/podushka/vic-70/podushka_zelena3.jpg', 'TODO', '842238cc-3fc3-42eb-9192-e65e781200b3'::uuid, 11),
       ('/beds/podushka/vic-70/podushka_zelena4.jpg', 'TODO', '842238cc-3fc3-42eb-9192-e65e781200b3'::uuid, 12),
       ('/beds/podushka/vic-70/podushka_zelena5.jpg', 'TODO', '842238cc-3fc3-42eb-9192-e65e781200b3'::uuid, 13),
       ('/beds/podushka/vic-70/podushkazelena.jpg', 'TODO', '842238cc-3fc3-42eb-9192-e65e781200b3'::uuid, 14),
       ('/beds/podushka/vic-70/podushkazelena_interer.jpg', 'TODO', '842238cc-3fc3-42eb-9192-e65e781200b3'::uuid, 15),
       ('/beds/podushka/vic-70/podushkazelena_voda.jpg', 'TODO', '842238cc-3fc3-42eb-9192-e65e781200b3'::uuid, 16);

INSERT INTO image_lists (id, display_name)
VALUES ('919344c6-3a0c-43a6-b5fc-b3402f3aba67'::uuid, 'Чемодан Image List');
INSERT INTO images (src, alt, image_list_id, list_order)
VALUES ('/beds/chemodan/av-07/Dogs-25157.jpg', 'TODO', '919344c6-3a0c-43a6-b5fc-b3402f3aba67'::uuid, 0),
       ('/beds/chemodan/av-07/Dogs-7110.jpg', 'TODO', '919344c6-3a0c-43a6-b5fc-b3402f3aba67'::uuid, 1),
       ('/beds/chemodan/av-07/Dogs-7161.jpg', 'TODO', '919344c6-3a0c-43a6-b5fc-b3402f3aba67'::uuid, 2),
       ('/beds/chemodan/av-07/Dogs-7169.jpg', 'TODO', '919344c6-3a0c-43a6-b5fc-b3402f3aba67'::uuid, 3),
       ('/beds/chemodan/av-07/Dogs-7173.jpg', 'TODO', '919344c6-3a0c-43a6-b5fc-b3402f3aba67'::uuid, 4),
       ('/beds/chemodan/av-07/Dogs-7180 (2).jpg', 'TODO', '919344c6-3a0c-43a6-b5fc-b3402f3aba67'::uuid, 5),
       ('/beds/chemodan/av-07/Dogs-7268 (2).jpg', 'TODO', '919344c6-3a0c-43a6-b5fc-b3402f3aba67'::uuid, 6),
       ('/beds/chemodan/av-07/Dogs-7271.jpg', 'TODO', '919344c6-3a0c-43a6-b5fc-b3402f3aba67'::uuid, 7),
       ('/beds/chemodan/av-12/Dogs-24947 (2).jpg', 'TODO', '919344c6-3a0c-43a6-b5fc-b3402f3aba67'::uuid, 8),
       ('/beds/chemodan/av-12/Dogs-24967 (2).jpg', 'TODO', '919344c6-3a0c-43a6-b5fc-b3402f3aba67'::uuid, 9),
       ('/beds/chemodan/av-12/Dogs-24998 (1).jpg', 'TODO', '919344c6-3a0c-43a6-b5fc-b3402f3aba67'::uuid, 10),
       ('/beds/chemodan/av-12/Dogs-25020.jpg', 'TODO', '919344c6-3a0c-43a6-b5fc-b3402f3aba67'::uuid, 11),
       ('/beds/chemodan/av-12/Dogs-25034.jpg', 'TODO', '919344c6-3a0c-43a6-b5fc-b3402f3aba67'::uuid, 12),
       ('/beds/chemodan/av-12/Dogs-7051.jpg', 'TODO', '919344c6-3a0c-43a6-b5fc-b3402f3aba67'::uuid, 13),
       ('/beds/chemodan/av-12/Dogs-7183.jpg', 'TODO', '919344c6-3a0c-43a6-b5fc-b3402f3aba67'::uuid, 14),
       ('/beds/chemodan/av-12/Dogs-7196 (1).jpg', 'TODO', '919344c6-3a0c-43a6-b5fc-b3402f3aba67'::uuid, 15),
       ('/beds/chemodan/av-12/Dogs-7255 (1).jpg', 'TODO', '919344c6-3a0c-43a6-b5fc-b3402f3aba67'::uuid, 16),
       ('/beds/chemodan/av-12/Dogs-7255.jpg', 'TODO', '919344c6-3a0c-43a6-b5fc-b3402f3aba67'::uuid, 17),
       ('/beds/chemodan/av-12/Dogs-7257.jpg', 'TODO', '919344c6-3a0c-43a6-b5fc-b3402f3aba67'::uuid, 18),
       ('/beds/chemodan/av-12/Dogs-7258 (1).jpg', 'TODO', '919344c6-3a0c-43a6-b5fc-b3402f3aba67'::uuid, 19),
       ('/beds/chemodan/av-14/IMG_2264.jpg', 'TODO', '919344c6-3a0c-43a6-b5fc-b3402f3aba67'::uuid, 20),
       ('/beds/chemodan/av-14/IMG_2265.jpg', 'TODO', '919344c6-3a0c-43a6-b5fc-b3402f3aba67'::uuid, 21),
       ('/beds/chemodan/av-14/IMG_2276.jpg', 'TODO', '919344c6-3a0c-43a6-b5fc-b3402f3aba67'::uuid, 22),
       ('/beds/chemodan/av-14/IMG_228.jpg', 'TODO', '919344c6-3a0c-43a6-b5fc-b3402f3aba67'::uuid, 23),
       ('/beds/chemodan/av-14/IMG_2282.jpg', 'TODO', '919344c6-3a0c-43a6-b5fc-b3402f3aba67'::uuid, 24),
       ('/beds/chemodan/av-14/IMG_2572.jpg', 'TODO', '919344c6-3a0c-43a6-b5fc-b3402f3aba67'::uuid, 25),
       ('/beds/chemodan/av-14/IMG_2575.jpg', 'TODO', '919344c6-3a0c-43a6-b5fc-b3402f3aba67'::uuid, 26),
       ('/beds/chemodan/av-14/IMG_2581.jpg', 'TODO', '919344c6-3a0c-43a6-b5fc-b3402f3aba67'::uuid, 27),
       ('/beds/chemodan/av-14/chemodan_svetlo-seri.jpg', 'TODO', '919344c6-3a0c-43a6-b5fc-b3402f3aba67'::uuid, 28),
       ('/beds/chemodan/av-14/chemodan_svetlo-seri1.jpg', 'TODO', '919344c6-3a0c-43a6-b5fc-b3402f3aba67'::uuid, 29),
       ('/beds/chemodan/av-14/chemodan_svetlo-seri2.jpg', 'TODO', '919344c6-3a0c-43a6-b5fc-b3402f3aba67'::uuid, 30),
       ('/beds/chemodan/av-14/chemodan_svetlo-seri3.jpg', 'TODO', '919344c6-3a0c-43a6-b5fc-b3402f3aba67'::uuid, 31),
       ('/beds/chemodan/av-14/chemodan_svetlo-seri4.jpg', 'TODO', '919344c6-3a0c-43a6-b5fc-b3402f3aba67'::uuid, 32),
       ('/beds/chemodan/av-14/chemodan_svetlo-seri5.jpg', 'TODO', '919344c6-3a0c-43a6-b5fc-b3402f3aba67'::uuid, 33),
       ('/beds/chemodan/av-14/chemodan_svetlo-seri6.jpg', 'TODO', '919344c6-3a0c-43a6-b5fc-b3402f3aba67'::uuid, 34),
       ('/beds/chemodan/av-14/chemodan_svetlo-seri7.jpg', 'TODO', '919344c6-3a0c-43a6-b5fc-b3402f3aba67'::uuid, 35),
       ('/beds/chemodan/av-14/chemodan_svetlo-seri8.jpg', 'TODO', '919344c6-3a0c-43a6-b5fc-b3402f3aba67'::uuid, 36),
       ('/beds/chemodan/av-14/chemodan_svetlo_seri_mops.jpg', 'TODO', '919344c6-3a0c-43a6-b5fc-b3402f3aba67'::uuid, 37),
       ('/beds/chemodan/av-14/chemodan_svetlo_seri_okno.jpg', 'TODO', '919344c6-3a0c-43a6-b5fc-b3402f3aba67'::uuid, 38),
       ('/beds/chemodan/av-18/Dogs-25044 (1).jpg', 'TODO', '919344c6-3a0c-43a6-b5fc-b3402f3aba67'::uuid, 39),
       ('/beds/chemodan/av-18/Dogs-25071.jpg', 'TODO', '919344c6-3a0c-43a6-b5fc-b3402f3aba67'::uuid, 40),
       ('/beds/chemodan/av-18/Dogs-7078.jpg', 'TODO', '919344c6-3a0c-43a6-b5fc-b3402f3aba67'::uuid, 41);

INSERT INTO image_lists (id, display_name)
VALUES ('d001f089-39ef-4b82-843b-84150c1a9a60'::uuid, 'Квадро Софт Image List');
INSERT INTO images (src, alt, image_list_id, list_order)
VALUES ('/beds/kvadroSoft/vic-70/Dogs-7152_1.jpg', 'TODO', 'd001f089-39ef-4b82-843b-84150c1a9a60'::uuid, 0),
       ('/beds/kvadroSoft/vic-70/Dogs-7234.jpg', 'TODO', 'd001f089-39ef-4b82-843b-84150c1a9a60'::uuid, 1),
       ('/beds/kvadroSoft/vic-70/Dogs-7239.jpg', 'TODO', 'd001f089-39ef-4b82-843b-84150c1a9a60'::uuid, 2),
       ('/beds/kvadroSoft/vic-70/Dogs-7278.jpg', 'TODO', 'd001f089-39ef-4b82-843b-84150c1a9a60'::uuid, 3),
       ('/beds/kvadroSoft/vic-80/IMG_2296.jpg', 'TODO', 'd001f089-39ef-4b82-843b-84150c1a9a60'::uuid, 4),
       ('/beds/kvadroSoft/vic-80/IMG_2312.jpg', 'TODO', 'd001f089-39ef-4b82-843b-84150c1a9a60'::uuid, 5),
       ('/beds/kvadroSoft/vic-80/IMG_2315.jpg', 'TODO', 'd001f089-39ef-4b82-843b-84150c1a9a60'::uuid, 6),
       ('/beds/kvadroSoft/vic-80/IMG_2326.jpg', 'TODO', 'd001f089-39ef-4b82-843b-84150c1a9a60'::uuid, 7),
       ('/beds/kvadroSoft/vic-80/IMG_2328.jpg', 'TODO', 'd001f089-39ef-4b82-843b-84150c1a9a60'::uuid, 8),
       ('/beds/kvadroSoft/vic-80/IMG_2329.jpg', 'TODO', 'd001f089-39ef-4b82-843b-84150c1a9a60'::uuid, 9),
       ('/beds/kvadroSoft/vic-80/IMG_2338.jpg', 'TODO', 'd001f089-39ef-4b82-843b-84150c1a9a60'::uuid, 10),
       ('/beds/kvadroSoft/vic-80/IMG_2339.jpg', 'TODO', 'd001f089-39ef-4b82-843b-84150c1a9a60'::uuid, 11),
       ('/beds/kvadroSoft/vic-80/IMG_236.jpg', 'TODO', 'd001f089-39ef-4b82-843b-84150c1a9a60'::uuid, 12),
       ('/beds/kvadroSoft/vic-80/kvadro_soft_sin.jpg', 'TODO', 'd001f089-39ef-4b82-843b-84150c1a9a60'::uuid, 13),
       ('/beds/kvadroSoft/vic-80/kvadro_soft_sin2.jpg', 'TODO', 'd001f089-39ef-4b82-843b-84150c1a9a60'::uuid, 14),
       ('/beds/kvadroSoft/vic-80/kvadro_soft_sin3.jpg', 'TODO', 'd001f089-39ef-4b82-843b-84150c1a9a60'::uuid, 15),
       ('/beds/kvadroSoft/vic-80/kvadro_soft_sin4.jpg', 'TODO', 'd001f089-39ef-4b82-843b-84150c1a9a60'::uuid, 16),
       ('/beds/kvadroSoft/vic-80/kvadro_soft_sin_nadivane.jpg', 'TODO', 'd001f089-39ef-4b82-843b-84150c1a9a60'::uuid,
        17),
       ('/beds/kvadroSoft/vic-80/kvadro_soft_sin_sobaka.1.jpg', 'TODO', 'd001f089-39ef-4b82-843b-84150c1a9a60'::uuid,
        18),
       ('/beds/kvadroSoft/vic-80/kvadro_soft_sin_sobaka.jpg', 'TODO', 'd001f089-39ef-4b82-843b-84150c1a9a60'::uuid, 19);

INSERT INTO image_lists (id, display_name)
VALUES ('1d3fc96b-eaf9-4b83-9627-8ca044551d06'::uuid, 'Квадро Стронг Image List');
INSERT INTO images (src, alt, image_list_id, list_order)
VALUES ('/beds/kvadroStrong/av-07/IMG_2444.jpg', 'TODO', '1d3fc96b-eaf9-4b83-9627-8ca044551d06'::uuid, 0),
       ('/beds/kvadroStrong/av-07/IMG_2451.jpg', 'TODO', '1d3fc96b-eaf9-4b83-9627-8ca044551d06'::uuid, 1),
       ('/beds/kvadroStrong/av-07/IMG_2452.jpg', 'TODO', '1d3fc96b-eaf9-4b83-9627-8ca044551d06'::uuid, 2),
       ('/beds/kvadroStrong/av-07/IMG_2455.jpg', 'TODO', '1d3fc96b-eaf9-4b83-9627-8ca044551d06'::uuid, 3),
       ('/beds/kvadroStrong/av-07/IMG_2462.jpg', 'TODO', '1d3fc96b-eaf9-4b83-9627-8ca044551d06'::uuid, 4),
       ('/beds/kvadroStrong/av-07/kvadro_strong_zhelta.jpg', 'TODO', '1d3fc96b-eaf9-4b83-9627-8ca044551d06'::uuid, 5),
       ('/beds/kvadroStrong/av-07/kvadro_strong_zhelta1.jpg', 'TODO', '1d3fc96b-eaf9-4b83-9627-8ca044551d06'::uuid, 6),
       ('/beds/kvadroStrong/av-07/kvadro_strong_zhelta2.jpg', 'TODO', '1d3fc96b-eaf9-4b83-9627-8ca044551d06'::uuid, 7),
       ('/beds/kvadroStrong/av-07/kvadro_strong_zhelta3.jpg', 'TODO', '1d3fc96b-eaf9-4b83-9627-8ca044551d06'::uuid, 8),
       ('/beds/kvadroStrong/av-07/kvadro_strong_zhelta4.jpg', 'TODO', '1d3fc96b-eaf9-4b83-9627-8ca044551d06'::uuid, 9),
       ('/beds/kvadroStrong/av-07/kvadro_strong_zhelta5.jpg', 'TODO', '1d3fc96b-eaf9-4b83-9627-8ca044551d06'::uuid, 10),
       ('/beds/kvadroStrong/av-07/kvadro_strong_zhelta6.jpg', 'TODO', '1d3fc96b-eaf9-4b83-9627-8ca044551d06'::uuid, 11),
       ('/beds/kvadroStrong/av-07/kvadrostrong_zhelta_drcv.jpg', 'TODO', '1d3fc96b-eaf9-4b83-9627-8ca044551d06'::uuid,
        12),
       ('/beds/kvadroStrong/av-07/kvadrostrong_zhelta_drcv1.jpg', 'TODO', '1d3fc96b-eaf9-4b83-9627-8ca044551d06'::uuid,
        13),
       ('/beds/kvadroStrong/av-07/kvadrostrong_zhelta_drcv2.jpg', 'TODO', '1d3fc96b-eaf9-4b83-9627-8ca044551d06'::uuid,
        14),
       ('/beds/kvadroStrong/av-07/kvadrostrong_zhelta_drcv3.jpg', 'TODO', '1d3fc96b-eaf9-4b83-9627-8ca044551d06'::uuid,
        15),
       ('/beds/kvadroStrong/av-07/kvadrostrong_zhelta_drcv4.jpg', 'TODO', '1d3fc96b-eaf9-4b83-9627-8ca044551d06'::uuid,
        16),
       ('/beds/kvadroStrong/av-07/kvadrostrong_zhelta_drcv5.jpg', 'TODO', '1d3fc96b-eaf9-4b83-9627-8ca044551d06'::uuid,
        17),
       ('/beds/kvadroStrong/av-07/kvadrostrong_zhelta_ssine.jpg', 'TODO', '1d3fc96b-eaf9-4b83-9627-8ca044551d06'::uuid,
        18),
       ('/beds/kvadroStrong/av-11/Dogs-24875.jpg', 'TODO', '1d3fc96b-eaf9-4b83-9627-8ca044551d06'::uuid, 19),
       ('/beds/kvadroStrong/av-11/Dogs-2489_1.jpg', 'TODO', '1d3fc96b-eaf9-4b83-9627-8ca044551d06'::uuid, 20),
       ('/beds/kvadroStrong/av-11/Dogs-7248.jpg', 'TODO', '1d3fc96b-eaf9-4b83-9627-8ca044551d06'::uuid, 21),
       ('/beds/kvadroStrong/av-11/Dogs-7249.jpg', 'TODO', '1d3fc96b-eaf9-4b83-9627-8ca044551d06'::uuid, 22),
       ('/beds/kvadroStrong/av-11/Dogs-7251.jpg', 'TODO', '1d3fc96b-eaf9-4b83-9627-8ca044551d06'::uuid, 23),
       ('/beds/kvadroStrong/av-11/Dogs-7326.jpg', 'TODO', '1d3fc96b-eaf9-4b83-9627-8ca044551d06'::uuid, 24),
       ('/beds/kvadroStrong/av-11/Dogs-7332.jpg', 'TODO', '1d3fc96b-eaf9-4b83-9627-8ca044551d06'::uuid, 25),
       ('/beds/kvadroStrong/av-11/IMG_7828.JPG', 'TODO', '1d3fc96b-eaf9-4b83-9627-8ca044551d06'::uuid, 26),
       ('/beds/kvadroStrong/av-11/IMG_7831_1.JPG', 'TODO', '1d3fc96b-eaf9-4b83-9627-8ca044551d06'::uuid, 27),
       ('/beds/kvadroStrong/av-11/IMG_7833.JPG', 'TODO', '1d3fc96b-eaf9-4b83-9627-8ca044551d06'::uuid, 28),
       ('/beds/kvadroStrong/av-13/IMG_1911_copy.jpg', 'TODO', '1d3fc96b-eaf9-4b83-9627-8ca044551d06'::uuid, 29),
       ('/beds/kvadroStrong/av-13/IMG_1912_another_copy.jpg', 'TODO', '1d3fc96b-eaf9-4b83-9627-8ca044551d06'::uuid, 30),
       ('/beds/kvadroStrong/av-13/IMG_2444_copy.jpg', 'TODO', '1d3fc96b-eaf9-4b83-9627-8ca044551d06'::uuid, 31),
       ('/beds/kvadroStrong/av-13/IMG_2451_copy.jpg', 'TODO', '1d3fc96b-eaf9-4b83-9627-8ca044551d06'::uuid, 32),
       ('/beds/kvadroStrong/av-13/IMG_2452_copy.jpg', 'TODO', '1d3fc96b-eaf9-4b83-9627-8ca044551d06'::uuid, 33),
       ('/beds/kvadroStrong/av-13/IMG_2455_copy.jpg', 'TODO', '1d3fc96b-eaf9-4b83-9627-8ca044551d06'::uuid, 34),
       ('/beds/kvadroStrong/av-13/IMG_2462_copy.jpg', 'TODO', '1d3fc96b-eaf9-4b83-9627-8ca044551d06'::uuid, 35),
       ('/beds/kvadroStrong/av-13/IMG_2641.jpg', 'TODO', '1d3fc96b-eaf9-4b83-9627-8ca044551d06'::uuid, 36),
       ('/beds/kvadroStrong/av-13/IMG_2643.jpg', 'TODO', '1d3fc96b-eaf9-4b83-9627-8ca044551d06'::uuid, 37),
       ('/beds/kvadroStrong/av-13/IMG_2644.jpg', 'TODO', '1d3fc96b-eaf9-4b83-9627-8ca044551d06'::uuid, 38),
       ('/beds/kvadroStrong/av-13/kvadro_strong_nebseni.jpg', 'TODO', '1d3fc96b-eaf9-4b83-9627-8ca044551d06'::uuid, 39),
       ('/beds/kvadroStrong/av-13/kvadro_strong_nebseni1.jpg', 'TODO', '1d3fc96b-eaf9-4b83-9627-8ca044551d06'::uuid,
        40),
       ('/beds/kvadroStrong/av-13/kvadro_strong_nebseni3.jpg', 'TODO', '1d3fc96b-eaf9-4b83-9627-8ca044551d06'::uuid,
        41),
       ('/beds/kvadroStrong/av-13/kvadro_strong_nebseni4.jpg', 'TODO', '1d3fc96b-eaf9-4b83-9627-8ca044551d06'::uuid,
        42),
       ('/beds/kvadroStrong/av-13/kvadro_strong_nebseni5.jpg', 'TODO', '1d3fc96b-eaf9-4b83-9627-8ca044551d06'::uuid,
        43),
       ('/beds/kvadroStrong/av-13/kvadro_strong_nebseni6.jpg', 'TODO', '1d3fc96b-eaf9-4b83-9627-8ca044551d06'::uuid,
        44),
       ('/beds/kvadroStrong/av-13/kvadrostrong_nebesna_sdrcv.jpg', 'TODO', '1d3fc96b-eaf9-4b83-9627-8ca044551d06'::uuid,
        45),
       ('/beds/kvadroStrong/av-13/kvadrostrong_nebesna_sdrcv1.jpg', 'TODO',
        '1d3fc96b-eaf9-4b83-9627-8ca044551d06'::uuid, 46),
       ('/beds/kvadroStrong/av-13/kvadrostrong_nebesna_sdrcv2.jpg', 'TODO',
        '1d3fc96b-eaf9-4b83-9627-8ca044551d06'::uuid, 47),
       ('/beds/kvadroStrong/av-13/kvadrostrong_nebesna_sdrcv3.jpg', 'TODO',
        '1d3fc96b-eaf9-4b83-9627-8ca044551d06'::uuid, 48),
       ('/beds/kvadroStrong/av-13/kvadrostrong_nebesna_sobaka.jpg', 'TODO',
        '1d3fc96b-eaf9-4b83-9627-8ca044551d06'::uuid, 49),
       ('/beds/kvadroStrong/av-13/kvadrostronnebesnaszheltog.jpg', 'TODO', '1d3fc96b-eaf9-4b83-9627-8ca044551d06'::uuid,
        50);

INSERT INTO image_lists (id, display_name)
VALUES ('e01ad111-59ed-49d7-9477-560753002cd0'::uuid, 'Лукошко Дуо Image List');
INSERT INTO images (src, alt, image_list_id, list_order)
VALUES ('/beds/lukoshkoDuo/vic-21/Dogs-743.jpg', 'TODO', 'e01ad111-59ed-49d7-9477-560753002cd0'::uuid, 0),
       ('/beds/lukoshkoDuo/vic-32/IMG_2164.jpg', 'TODO', 'e01ad111-59ed-49d7-9477-560753002cd0'::uuid, 1),
       ('/beds/lukoshkoDuo/vic-32/IMG_2167.jpg', 'TODO', 'e01ad111-59ed-49d7-9477-560753002cd0'::uuid, 2),
       ('/beds/lukoshkoDuo/vic-32/IMG_2169.jpg', 'TODO', 'e01ad111-59ed-49d7-9477-560753002cd0'::uuid, 3),
       ('/beds/lukoshkoDuo/vic-32/IMG_2172.jpg', 'TODO', 'e01ad111-59ed-49d7-9477-560753002cd0'::uuid, 4),
       ('/beds/lukoshkoDuo/vic-32/IMG_2174.jpg', 'TODO', 'e01ad111-59ed-49d7-9477-560753002cd0'::uuid, 5),
       ('/beds/lukoshkoDuo/vic-32/IMG_2177.jpg', 'TODO', 'e01ad111-59ed-49d7-9477-560753002cd0'::uuid, 6),
       ('/beds/lukoshkoDuo/vic-32/lukoshko_svetlo-ser_i_chernoe.jpg', 'TODO',
        'e01ad111-59ed-49d7-9477-560753002cd0'::uuid, 7),
       ('/beds/lukoshkoDuo/vic-32/lukoshko_svetlo-seroe1.jpg', 'TODO', 'e01ad111-59ed-49d7-9477-560753002cd0'::uuid, 8),
       ('/beds/lukoshkoDuo/vic-32/lukoshko_svetlo-seroe2.jpg', 'TODO', 'e01ad111-59ed-49d7-9477-560753002cd0'::uuid, 9),
       ('/beds/lukoshkoDuo/vic-32/lukoshko_svetlo-seroe3.jpg', 'TODO', 'e01ad111-59ed-49d7-9477-560753002cd0'::uuid,
        10),
       ('/beds/lukoshkoDuo/vic-32/lukoshko_svetlo-seroe4.jpg', 'TODO', 'e01ad111-59ed-49d7-9477-560753002cd0'::uuid,
        11),
       ('/beds/lukoshkoDuo/vic-32/lukoshko_svetlo-seroe5.jpg', 'TODO', 'e01ad111-59ed-49d7-9477-560753002cd0'::uuid,
        12),
       ('/beds/lukoshkoDuo/vic-32/lukoshko_svetlo-seroe_.jpg', 'TODO', 'e01ad111-59ed-49d7-9477-560753002cd0'::uuid,
        13),
       ('/beds/lukoshkoDuo/vic-32/lukoshko_svetlo-seroe_i_cher.jpg', 'TODO',
        'e01ad111-59ed-49d7-9477-560753002cd0'::uuid, 14),
       ('/beds/lukoshkoDuo/vic-32/lukoshkosvetlo-ser_an.jpg', 'TODO', 'e01ad111-59ed-49d7-9477-560753002cd0'::uuid, 15),
       ('/beds/lukoshkoDuo/vic-32/lukoshkosvetloseroe_paren.jpg', 'TODO', 'e01ad111-59ed-49d7-9477-560753002cd0'::uuid,
        16);

INSERT INTO image_lists (id, display_name)
VALUES ('020626b1-1f8d-4031-923f-f2764fbc37f5'::uuid, 'Лукошко Трио Image List');
INSERT INTO images (src, alt, image_list_id, list_order)
VALUES ('/beds/lukoshkoTrio/vic-93/Dogs-24838.jpg', 'TODO', '020626b1-1f8d-4031-923f-f2764fbc37f5'::uuid, 0),
       ('/beds/lukoshkoTrio/vic-93/Dogs-24849_1.jpg', 'TODO', '020626b1-1f8d-4031-923f-f2764fbc37f5'::uuid, 1),
       ('/beds/lukoshkoTrio/vic-93/Dogs-25115.jpg', 'TODO', '020626b1-1f8d-4031-923f-f2764fbc37f5'::uuid, 2),
       ('/beds/lukoshkoTrio/vic-93/Dogs-25127.jpg', 'TODO', '020626b1-1f8d-4031-923f-f2764fbc37f5'::uuid, 3),
       ('/beds/lukoshkoTrio/vic-93/Dogs-25142_1.jpg', 'TODO', '020626b1-1f8d-4031-923f-f2764fbc37f5'::uuid, 4),
       ('/beds/lukoshkoTrio/vic-93/Dogs-2515.jpg', 'TODO', '020626b1-1f8d-4031-923f-f2764fbc37f5'::uuid, 5),
       ('/beds/lukoshkoTrio/vic-93/Dogs-7253.jpg', 'TODO', '020626b1-1f8d-4031-923f-f2764fbc37f5'::uuid, 6),
       ('/beds/lukoshkoTrio/vic-93/Dogs-7254.jpg', 'TODO', '020626b1-1f8d-4031-923f-f2764fbc37f5'::uuid, 7),
       ('/beds/lukoshkoTrio/vic-100/IMG_2191.jpg', 'TODO', '020626b1-1f8d-4031-923f-f2764fbc37f5'::uuid, 8),
       ('/beds/lukoshkoTrio/vic-100/IMG_2193.jpg', 'TODO', '020626b1-1f8d-4031-923f-f2764fbc37f5'::uuid, 9),
       ('/beds/lukoshkoTrio/vic-100/IMG_2194.jpg', 'TODO', '020626b1-1f8d-4031-923f-f2764fbc37f5'::uuid, 10),
       ('/beds/lukoshkoTrio/vic-100/IMG_2196.jpg', 'TODO', '020626b1-1f8d-4031-923f-f2764fbc37f5'::uuid, 11),
       ('/beds/lukoshkoTrio/vic-100/IMG_22.jpg', 'TODO', '020626b1-1f8d-4031-923f-f2764fbc37f5'::uuid, 12),
       ('/beds/lukoshkoTrio/vic-100/IMG_221.jpg', 'TODO', '020626b1-1f8d-4031-923f-f2764fbc37f5'::uuid, 13),
       ('/beds/lukoshkoTrio/vic-100/IMG_254.jpg', 'TODO', '020626b1-1f8d-4031-923f-f2764fbc37f5'::uuid, 14),
       ('/beds/lukoshkoTrio/vic-100/IMG_2543.jpg', 'TODO', '020626b1-1f8d-4031-923f-f2764fbc37f5'::uuid, 15),
       ('/beds/lukoshkoTrio/vic-100/IMG_2547.jpg', 'TODO', '020626b1-1f8d-4031-923f-f2764fbc37f5'::uuid, 16),
       ('/beds/lukoshkoTrio/vic-100/IMG_2552.jpg', 'TODO', '020626b1-1f8d-4031-923f-f2764fbc37f5'::uuid, 17),
       ('/beds/lukoshkoTrio/vic-100/IMG_2564.jpg', 'TODO', '020626b1-1f8d-4031-923f-f2764fbc37f5'::uuid, 18),
       ('/beds/lukoshkoTrio/vic-100/lukokochernoe_an.jpg', 'TODO', '020626b1-1f8d-4031-923f-f2764fbc37f5'::uuid, 19),
       ('/beds/lukoshkoTrio/vic-100/lukoshko_chernoe.jpg', 'TODO', '020626b1-1f8d-4031-923f-f2764fbc37f5'::uuid, 20),
       ('/beds/lukoshkoTrio/vic-100/lukoshko_chernoe1.jpg', 'TODO', '020626b1-1f8d-4031-923f-f2764fbc37f5'::uuid, 21),
       ('/beds/lukoshkoTrio/vic-100/lukoshko_chernoe2.jpg', 'TODO', '020626b1-1f8d-4031-923f-f2764fbc37f5'::uuid, 22),
       ('/beds/lukoshkoTrio/vic-100/lukoshko_chernoe3.jpg', 'TODO', '020626b1-1f8d-4031-923f-f2764fbc37f5'::uuid, 23),
       ('/beds/lukoshkoTrio/vic-100/lukoshko_chernoe4.jpg', 'TODO', '020626b1-1f8d-4031-923f-f2764fbc37f5'::uuid, 24),
       ('/beds/lukoshkoTrio/vic-100/lukoshko_chernoe_i_ser.jpg', 'TODO', '020626b1-1f8d-4031-923f-f2764fbc37f5'::uuid,
        25),
       ('/beds/lukoshkoTrio/vic-100/lukoshko_chernoe_i_ser1.jpg', 'TODO', '020626b1-1f8d-4031-923f-f2764fbc37f5'::uuid,
        26);
;

insert into models(id, readable_id, display_name, description, category_id, image_list_id)
values ('264d6530-f363-490b-b9b8-24a10c5835fe'::uuid, 'kreslo', 'Автокресло',
        E'\nАвтокресло представлено в 2 размерах: S и М\n\nМатериал автокресел: качественный и крепкий Оксфорд\n\nАвтокресло оснащено тугими кнопками, обеспечивающими полную безопасность вашего любимца\n\nВо время езды автокресло пристегивается к машинному сиденью с помощью специального ремня.\n\nЛюбимец также пристегивается к автокреслу за шлейкой с помощью небольшого ремня.\n\nАвтокресло подойдет для перевозок на близкие и дальние расстояния\n',
        '7c6fe250-426d-41c6-b337-6ea972368062'::uuid, '0ce169be-c0ae-404f-914e-5f2e85bb21ef'::uuid),
       ('918e9d57-a927-4717-a2dd-616794d7f712'::uuid, 'kolorado', 'Колорадо',
        E'\nТкань, фурнитура, наполнители:\n  - мебельная ткань микрофибра\n  - плотность ткани: 370г/м2\n  - тест на стирание по Мартиндейлу – 50 000 циклов\n  - цветостойкость: 5 (макс 5)\n  - ткань прошита армированными нитями\n  - борта и матрас наполнены гипоаллергенным и антибактериальным холлофайбером\n  - водоотталкивающая ткань\n\nХарактеристики: \n - лежак не боится воды\n - аккуратные, мягкие бортики, на которые любимец может положить голову\n - чехол, который можно стирать в стиральной машине\n - съемная подушка\n',
        'e7aba193-db89-4fdb-8780-8052ad0493c5'::uuid, '596fdeaa-1b9e-421a-a2ab-d9d749b00f85'::uuid),
       ('0b02ee7a-da4b-4c92-a6dd-2e7f538c953f'::uuid, 'norka', 'Норка',
        E'\nТкань, фурнитура, наполнители:\n  - мебельная ткань микрофибра\n  - плотность ткани: 370г/м2\n  - тест на стирание по Мартиндейлу – 50 000 циклов\n  - цветостойкость: 5 (макс 5)\n  - ткань прошита армированными нитями\n  - лежак наполнен гипоаллергенным и антибактериальным холлофайбером, основа из мебельного паролона\n  - водоотталкивающая ткань\n  - 25% шерсть\n',
        'e7aba193-db89-4fdb-8780-8052ad0493c5'::uuid, '74c4fcfb-50b8-4f62-8cd2-d41d1af2350b'::uuid),
       ('e26fc6d8-af5f-4fa0-99b7-d0f03be533b7'::uuid, 'podushka', 'Подушка',
        E'\nТкань, фурнитура, наполнители:\n  - мебельная ткань микрофибра\n  - тест на стирание по Мартиндейлу – 30 000 циклов\n  - цветостойкость: 4 (макс 5)',
        'e7aba193-db89-4fdb-8780-8052ad0493c5'::uuid, '842238cc-3fc3-42eb-9192-e65e781200b3'::uuid),
       ('19379996-e908-459a-a4ab-4f5adc841680'::uuid, 'chemodan', 'Чемодан',
        E'\nТкань, фурнитура, наполнители:\n - ткань прошита армированными нитями\n - матрас наполнен гипоаллергенным и антибактериальным холлофайбером и синтепоном.\n - водоотталкивающая ткань\n',
        'e7aba193-db89-4fdb-8780-8052ad0493c5'::uuid, '919344c6-3a0c-43a6-b5fc-b3402f3aba67'::uuid),
       ('5c96dbfe-d85d-4d69-bcda-23d0e87ccce0'::uuid, 'kvadroSoft', 'Квадро Софт',
        E'\nТкань, фурнитура, наполнители:\n - ткань прошита армированными нитями\n - матрас наполнен гипоаллергенным и антибактериальным холлофайбером.\n - водоотталкивающая ткань\n\nХарактеристики: \n - лежак не боится воды\n - аккуратные, мягкие бортики, на которые любимец может положить голову\n - чехол, который можно стирать в стиральной машине\n - съемная подушка\n',
        'e7aba193-db89-4fdb-8780-8052ad0493c5'::uuid, 'd001f089-39ef-4b82-843b-84150c1a9a60'::uuid),
       ('97e4f9bc-50d4-4fbf-8ed9-732671a4c36e'::uuid, 'kvadroStrong', 'Квадро Стронг',
        E'\nТкань, фурнитура, наполнители:\n - ткань прошита армированными нитями\n - матрас наполнен гипоаллергенным и антибактериальным холлофайбером.\n - водоотталкивающая ткань\n\nХарактеристики: \n - лежак не боится воды\n - аккуратные, мягкие бортики, на которые любимец может положить голову\n - чехол, который можно стирать в стиральной машине\n - съемная подушка\n',
        'e7aba193-db89-4fdb-8780-8052ad0493c5'::uuid, '1d3fc96b-eaf9-4b83-9627-8ca044551d06'::uuid),
       ('24014ef2-8f16-4ff6-8742-fff1005ae596'::uuid, 'lukoshkoDuo', 'Лукошко Дуо',
        E'\nТкань, фурнитура, наполнители:\n - ткань прошита армированными нитями\n - матрас наполнен гипоаллергенным и антибактериальным холлофайбером.\n - водоотталкивающая ткань\n\n\n«Лукошко» сшито из ткани со специальной водоотталкивающей пропиткой: влага скатывается и легко встряхивается с этого материала. ⠀\nМы любим ее за бархатную обработку материала и воздушное наполнение.\nМатериал имеет такое плотное переплетение, что даже острую, как елочные иголочки шерсть, можно стряхнуть одним движением. Это же свойство делает ткань очень крепкой и износостойкой. Лежаночка имеет съемный чехол на подушечку, который можно стирать в машинке.\n',
        'e7aba193-db89-4fdb-8780-8052ad0493c5'::uuid, 'e01ad111-59ed-49d7-9477-560753002cd0'::uuid),
       ('27dcb3dd-5174-41cc-882f-da9b5d4b15f4'::uuid, 'lukoshkoTrio', 'Лукошко Трио',
        E'\nТкань, фурнитура, наполнители:\n - ткань прошита армированными нитями\n - матрас наполнен гипоаллергенным и антибактериальным холлофайбером.\n - водоотталкивающая ткань\n\n\n«Лукошко» сшито из ткани со специальной водоотталкивающей пропиткой: влага скатывается и легко встряхивается с этого материала. ⠀\nМы любим ее за бархатную обработку материала и воздушное наполнение.\nМатериал имеет такое плотное переплетение, что даже острую, как елочные иголочки шерсть, можно стряхнуть одним движением. Это же свойство делает ткань очень крепкой и износостойкой. Лежаночка имеет съемный чехол на подушечку, который можно стирать в машинке.\n',
        'e7aba193-db89-4fdb-8780-8052ad0493c5'::uuid, '020626b1-1f8d-4031-923f-f2764fbc37f5'::uuid);

insert into model_parameter_lists (model_id, parameter_list_id)
VALUES ('264d6530-f363-490b-b9b8-24a10c5835fe'::uuid, '36852ccd-8386-4754-92f3-1d000a3e168a'::uuid),
       ('264d6530-f363-490b-b9b8-24a10c5835fe'::uuid, '268bb115-d595-4c48-99aa-96bee15577c9'::uuid),
       ('918e9d57-a927-4717-a2dd-616794d7f712'::uuid, 'bd59852a-0b45-4462-9a57-1f8c5ea7f7ee'::uuid),
       ('918e9d57-a927-4717-a2dd-616794d7f712'::uuid, '65238f5f-5c2f-401a-9398-9cd8211edabe'::uuid),
       ('0b02ee7a-da4b-4c92-a6dd-2e7f538c953f'::uuid, 'bd59852a-0b45-4462-9a57-1f8c5ea7f7ee'::uuid),
       ('0b02ee7a-da4b-4c92-a6dd-2e7f538c953f'::uuid, 'f2dee41b-961d-4a87-a538-4e5085a8ec78'::uuid),
       ('e26fc6d8-af5f-4fa0-99b7-d0f03be533b7'::uuid, 'a12628b3-aca5-4a13-a66b-c5be2fdf0811'::uuid),
       ('e26fc6d8-af5f-4fa0-99b7-d0f03be533b7'::uuid, 'e0415844-7673-4f83-b5c0-c90295f41de4'::uuid),
       ('19379996-e908-459a-a4ab-4f5adc841680'::uuid, 'bd59852a-0b45-4462-9a57-1f8c5ea7f7ee'::uuid),
       ('19379996-e908-459a-a4ab-4f5adc841680'::uuid, '6ba07cde-85a8-47f1-948f-3b7197c3c45f'::uuid),
       ('5c96dbfe-d85d-4d69-bcda-23d0e87ccce0'::uuid, 'a12628b3-aca5-4a13-a66b-c5be2fdf0811'::uuid),
       ('5c96dbfe-d85d-4d69-bcda-23d0e87ccce0'::uuid, '0f1eaf2a-cfb4-433f-8987-3a96c1a64263'::uuid),
       ('97e4f9bc-50d4-4fbf-8ed9-732671a4c36e'::uuid, 'bd59852a-0b45-4462-9a57-1f8c5ea7f7ee'::uuid),
       ('97e4f9bc-50d4-4fbf-8ed9-732671a4c36e'::uuid, '0f1eaf2a-cfb4-433f-8987-3a96c1a64263'::uuid),
       ('24014ef2-8f16-4ff6-8742-fff1005ae596'::uuid, 'a12628b3-aca5-4a13-a66b-c5be2fdf0811'::uuid),
       ('24014ef2-8f16-4ff6-8742-fff1005ae596'::uuid, 'c861fa23-69c0-4fdd-85fe-282a14cfb79f'::uuid),
       ('27dcb3dd-5174-41cc-882f-da9b5d4b15f4'::uuid, 'a12628b3-aca5-4a13-a66b-c5be2fdf0811'::uuid),
       ('27dcb3dd-5174-41cc-882f-da9b5d4b15f4'::uuid, 'c861fa23-69c0-4fdd-85fe-282a14cfb79f'::uuid);

INSERT INTO image_lists (id, display_name)
VALUES ('2a5bd86b-6a12-4ea3-89f6-b4858f37f290'::uuid, 'tmp image list');

INSERT INTO products (price_usd, image_list_id, model_id, parameter_ids)
VALUES (62, '2a5bd86b-6a12-4ea3-89f6-b4858f37f290'::uuid, '264d6530-f363-490b-b9b8-24a10c5835fe'::uuid,
        ARRAY ['37191528-3908-49f2-a9b5-9bbc292cf913'::uuid, '8b8bfa94-30bb-48e0-b873-ba6265d02816'::uuid]),
       (70, '2a5bd86b-6a12-4ea3-89f6-b4858f37f290'::uuid, '264d6530-f363-490b-b9b8-24a10c5835fe'::uuid,
        ARRAY ['7e277799-f67e-4199-88e0-2ff0efa66851'::uuid, '8b8bfa94-30bb-48e0-b873-ba6265d02816'::uuid]),
       (42, '2a5bd86b-6a12-4ea3-89f6-b4858f37f290'::uuid, '918e9d57-a927-4717-a2dd-616794d7f712'::uuid,
        ARRAY ['8a2dde9d-3e7d-4eed-af42-148cb170fc05'::uuid, 'c3bfe3b2-4cc6-4a7c-942a-2450db6d237c'::uuid]),
       (42, '2a5bd86b-6a12-4ea3-89f6-b4858f37f290'::uuid, '918e9d57-a927-4717-a2dd-616794d7f712'::uuid,
        ARRAY ['8a2dde9d-3e7d-4eed-af42-148cb170fc05'::uuid, 'e44751e2-b283-4186-a894-d540373b0cb2'::uuid]),
       (42, '2a5bd86b-6a12-4ea3-89f6-b4858f37f290'::uuid, '918e9d57-a927-4717-a2dd-616794d7f712'::uuid,
        ARRAY ['8a2dde9d-3e7d-4eed-af42-148cb170fc05'::uuid, '9e8764a2-7202-47bd-ac1a-41e4302cd91b'::uuid]),
       (42, '2a5bd86b-6a12-4ea3-89f6-b4858f37f290'::uuid, '918e9d57-a927-4717-a2dd-616794d7f712'::uuid,
        ARRAY ['8a2dde9d-3e7d-4eed-af42-148cb170fc05'::uuid, '1b953d97-0a1d-4f29-98b5-166773e7ed01'::uuid]),
       (42, '2a5bd86b-6a12-4ea3-89f6-b4858f37f290'::uuid, '918e9d57-a927-4717-a2dd-616794d7f712'::uuid,
        ARRAY ['8a2dde9d-3e7d-4eed-af42-148cb170fc05'::uuid, '4cfa3585-82ba-4813-b639-7b8afdc867f5'::uuid]),
       (42, '2a5bd86b-6a12-4ea3-89f6-b4858f37f290'::uuid, '918e9d57-a927-4717-a2dd-616794d7f712'::uuid,
        ARRAY ['8a2dde9d-3e7d-4eed-af42-148cb170fc05'::uuid, 'debbce28-368b-4dc1-b845-ca4241f7e22d'::uuid]),
       (42, '2a5bd86b-6a12-4ea3-89f6-b4858f37f290'::uuid, '918e9d57-a927-4717-a2dd-616794d7f712'::uuid,
        ARRAY ['8a2dde9d-3e7d-4eed-af42-148cb170fc05'::uuid, 'bdc121d7-bb31-403f-9ae6-6bfda972b9bc'::uuid]),
       (42, '2a5bd86b-6a12-4ea3-89f6-b4858f37f290'::uuid, '918e9d57-a927-4717-a2dd-616794d7f712'::uuid,
        ARRAY ['8a2dde9d-3e7d-4eed-af42-148cb170fc05'::uuid, '81a4437a-25f1-4a43-8963-8bd0cca97528'::uuid]),
       (42, '2a5bd86b-6a12-4ea3-89f6-b4858f37f290'::uuid, '918e9d57-a927-4717-a2dd-616794d7f712'::uuid,
        ARRAY ['8a2dde9d-3e7d-4eed-af42-148cb170fc05'::uuid, 'b831aacc-2600-4318-bc17-0cf8b5272c4c'::uuid]),
       (42, '2a5bd86b-6a12-4ea3-89f6-b4858f37f290'::uuid, '918e9d57-a927-4717-a2dd-616794d7f712'::uuid,
        ARRAY ['8a2dde9d-3e7d-4eed-af42-148cb170fc05'::uuid, '25e715c4-7397-46f2-9ca1-2fafa5a4010c'::uuid]),
       (42, '2a5bd86b-6a12-4ea3-89f6-b4858f37f290'::uuid, '918e9d57-a927-4717-a2dd-616794d7f712'::uuid,
        ARRAY ['8a2dde9d-3e7d-4eed-af42-148cb170fc05'::uuid, '6d404ddb-7ff4-4635-82f9-dd60428f909d'::uuid]),
       (42, '2a5bd86b-6a12-4ea3-89f6-b4858f37f290'::uuid, '918e9d57-a927-4717-a2dd-616794d7f712'::uuid,
        ARRAY ['8a2dde9d-3e7d-4eed-af42-148cb170fc05'::uuid, 'da84df49-20a9-4c20-bff4-6c7ee5883fbe'::uuid]),
       (42, '2a5bd86b-6a12-4ea3-89f6-b4858f37f290'::uuid, '918e9d57-a927-4717-a2dd-616794d7f712'::uuid,
        ARRAY ['8a2dde9d-3e7d-4eed-af42-148cb170fc05'::uuid, '7d78b616-d059-4635-bf47-00ff9c80775f'::uuid]),
       (42, '2a5bd86b-6a12-4ea3-89f6-b4858f37f290'::uuid, '918e9d57-a927-4717-a2dd-616794d7f712'::uuid,
        ARRAY ['8a2dde9d-3e7d-4eed-af42-148cb170fc05'::uuid, '3ab0af55-8381-4139-9754-749b0fcd03f6'::uuid]),
       (42, '2a5bd86b-6a12-4ea3-89f6-b4858f37f290'::uuid, '918e9d57-a927-4717-a2dd-616794d7f712'::uuid,
        ARRAY ['8a2dde9d-3e7d-4eed-af42-148cb170fc05'::uuid, 'd97e7129-204b-48e4-81da-78b42516d94e'::uuid]),
       (47, '2a5bd86b-6a12-4ea3-89f6-b4858f37f290'::uuid, '918e9d57-a927-4717-a2dd-616794d7f712'::uuid,
        ARRAY ['98711746-7359-4089-90cc-ea968ebbe018'::uuid, 'c3bfe3b2-4cc6-4a7c-942a-2450db6d237c'::uuid]),
       (47, '2a5bd86b-6a12-4ea3-89f6-b4858f37f290'::uuid, '918e9d57-a927-4717-a2dd-616794d7f712'::uuid,
        ARRAY ['98711746-7359-4089-90cc-ea968ebbe018'::uuid, 'e44751e2-b283-4186-a894-d540373b0cb2'::uuid]),
       (47, '2a5bd86b-6a12-4ea3-89f6-b4858f37f290'::uuid, '918e9d57-a927-4717-a2dd-616794d7f712'::uuid,
        ARRAY ['98711746-7359-4089-90cc-ea968ebbe018'::uuid, '9e8764a2-7202-47bd-ac1a-41e4302cd91b'::uuid]),
       (47, '2a5bd86b-6a12-4ea3-89f6-b4858f37f290'::uuid, '918e9d57-a927-4717-a2dd-616794d7f712'::uuid,
        ARRAY ['98711746-7359-4089-90cc-ea968ebbe018'::uuid, '1b953d97-0a1d-4f29-98b5-166773e7ed01'::uuid]),
       (47, '2a5bd86b-6a12-4ea3-89f6-b4858f37f290'::uuid, '918e9d57-a927-4717-a2dd-616794d7f712'::uuid,
        ARRAY ['98711746-7359-4089-90cc-ea968ebbe018'::uuid, '4cfa3585-82ba-4813-b639-7b8afdc867f5'::uuid]),
       (47, '2a5bd86b-6a12-4ea3-89f6-b4858f37f290'::uuid, '918e9d57-a927-4717-a2dd-616794d7f712'::uuid,
        ARRAY ['98711746-7359-4089-90cc-ea968ebbe018'::uuid, 'debbce28-368b-4dc1-b845-ca4241f7e22d'::uuid]),
       (47, '2a5bd86b-6a12-4ea3-89f6-b4858f37f290'::uuid, '918e9d57-a927-4717-a2dd-616794d7f712'::uuid,
        ARRAY ['98711746-7359-4089-90cc-ea968ebbe018'::uuid, 'bdc121d7-bb31-403f-9ae6-6bfda972b9bc'::uuid]),
       (47, '2a5bd86b-6a12-4ea3-89f6-b4858f37f290'::uuid, '918e9d57-a927-4717-a2dd-616794d7f712'::uuid,
        ARRAY ['98711746-7359-4089-90cc-ea968ebbe018'::uuid, '81a4437a-25f1-4a43-8963-8bd0cca97528'::uuid]),
       (47, '2a5bd86b-6a12-4ea3-89f6-b4858f37f290'::uuid, '918e9d57-a927-4717-a2dd-616794d7f712'::uuid,
        ARRAY ['98711746-7359-4089-90cc-ea968ebbe018'::uuid, 'b831aacc-2600-4318-bc17-0cf8b5272c4c'::uuid]),
       (47, '2a5bd86b-6a12-4ea3-89f6-b4858f37f290'::uuid, '918e9d57-a927-4717-a2dd-616794d7f712'::uuid,
        ARRAY ['98711746-7359-4089-90cc-ea968ebbe018'::uuid, '25e715c4-7397-46f2-9ca1-2fafa5a4010c'::uuid]),
       (47, '2a5bd86b-6a12-4ea3-89f6-b4858f37f290'::uuid, '918e9d57-a927-4717-a2dd-616794d7f712'::uuid,
        ARRAY ['98711746-7359-4089-90cc-ea968ebbe018'::uuid, '6d404ddb-7ff4-4635-82f9-dd60428f909d'::uuid]),
       (47, '2a5bd86b-6a12-4ea3-89f6-b4858f37f290'::uuid, '918e9d57-a927-4717-a2dd-616794d7f712'::uuid,
        ARRAY ['98711746-7359-4089-90cc-ea968ebbe018'::uuid, 'da84df49-20a9-4c20-bff4-6c7ee5883fbe'::uuid]),
       (47, '2a5bd86b-6a12-4ea3-89f6-b4858f37f290'::uuid, '918e9d57-a927-4717-a2dd-616794d7f712'::uuid,
        ARRAY ['98711746-7359-4089-90cc-ea968ebbe018'::uuid, '7d78b616-d059-4635-bf47-00ff9c80775f'::uuid]),
       (47, '2a5bd86b-6a12-4ea3-89f6-b4858f37f290'::uuid, '918e9d57-a927-4717-a2dd-616794d7f712'::uuid,
        ARRAY ['98711746-7359-4089-90cc-ea968ebbe018'::uuid, '3ab0af55-8381-4139-9754-749b0fcd03f6'::uuid]),
       (47, '2a5bd86b-6a12-4ea3-89f6-b4858f37f290'::uuid, '918e9d57-a927-4717-a2dd-616794d7f712'::uuid,
        ARRAY ['98711746-7359-4089-90cc-ea968ebbe018'::uuid, 'd97e7129-204b-48e4-81da-78b42516d94e'::uuid]),
       (53, '2a5bd86b-6a12-4ea3-89f6-b4858f37f290'::uuid, '918e9d57-a927-4717-a2dd-616794d7f712'::uuid,
        ARRAY ['9d07a849-0103-4348-985b-67abcc51e8f2'::uuid, 'c3bfe3b2-4cc6-4a7c-942a-2450db6d237c'::uuid]),
       (53, '2a5bd86b-6a12-4ea3-89f6-b4858f37f290'::uuid, '918e9d57-a927-4717-a2dd-616794d7f712'::uuid,
        ARRAY ['9d07a849-0103-4348-985b-67abcc51e8f2'::uuid, 'e44751e2-b283-4186-a894-d540373b0cb2'::uuid]),
       (53, '2a5bd86b-6a12-4ea3-89f6-b4858f37f290'::uuid, '918e9d57-a927-4717-a2dd-616794d7f712'::uuid,
        ARRAY ['9d07a849-0103-4348-985b-67abcc51e8f2'::uuid, '9e8764a2-7202-47bd-ac1a-41e4302cd91b'::uuid]),
       (53, '2a5bd86b-6a12-4ea3-89f6-b4858f37f290'::uuid, '918e9d57-a927-4717-a2dd-616794d7f712'::uuid,
        ARRAY ['9d07a849-0103-4348-985b-67abcc51e8f2'::uuid, '1b953d97-0a1d-4f29-98b5-166773e7ed01'::uuid]),
       (53, '2a5bd86b-6a12-4ea3-89f6-b4858f37f290'::uuid, '918e9d57-a927-4717-a2dd-616794d7f712'::uuid,
        ARRAY ['9d07a849-0103-4348-985b-67abcc51e8f2'::uuid, '4cfa3585-82ba-4813-b639-7b8afdc867f5'::uuid]),
       (53, '2a5bd86b-6a12-4ea3-89f6-b4858f37f290'::uuid, '918e9d57-a927-4717-a2dd-616794d7f712'::uuid,
        ARRAY ['9d07a849-0103-4348-985b-67abcc51e8f2'::uuid, 'debbce28-368b-4dc1-b845-ca4241f7e22d'::uuid]),
       (53, '2a5bd86b-6a12-4ea3-89f6-b4858f37f290'::uuid, '918e9d57-a927-4717-a2dd-616794d7f712'::uuid,
        ARRAY ['9d07a849-0103-4348-985b-67abcc51e8f2'::uuid, 'bdc121d7-bb31-403f-9ae6-6bfda972b9bc'::uuid]),
       (53, '2a5bd86b-6a12-4ea3-89f6-b4858f37f290'::uuid, '918e9d57-a927-4717-a2dd-616794d7f712'::uuid,
        ARRAY ['9d07a849-0103-4348-985b-67abcc51e8f2'::uuid, '81a4437a-25f1-4a43-8963-8bd0cca97528'::uuid]),
       (53, '2a5bd86b-6a12-4ea3-89f6-b4858f37f290'::uuid, '918e9d57-a927-4717-a2dd-616794d7f712'::uuid,
        ARRAY ['9d07a849-0103-4348-985b-67abcc51e8f2'::uuid, 'b831aacc-2600-4318-bc17-0cf8b5272c4c'::uuid]),
       (53, '2a5bd86b-6a12-4ea3-89f6-b4858f37f290'::uuid, '918e9d57-a927-4717-a2dd-616794d7f712'::uuid,
        ARRAY ['9d07a849-0103-4348-985b-67abcc51e8f2'::uuid, '25e715c4-7397-46f2-9ca1-2fafa5a4010c'::uuid]),
       (53, '2a5bd86b-6a12-4ea3-89f6-b4858f37f290'::uuid, '918e9d57-a927-4717-a2dd-616794d7f712'::uuid,
        ARRAY ['9d07a849-0103-4348-985b-67abcc51e8f2'::uuid, '6d404ddb-7ff4-4635-82f9-dd60428f909d'::uuid]),
       (53, '2a5bd86b-6a12-4ea3-89f6-b4858f37f290'::uuid, '918e9d57-a927-4717-a2dd-616794d7f712'::uuid,
        ARRAY ['9d07a849-0103-4348-985b-67abcc51e8f2'::uuid, 'da84df49-20a9-4c20-bff4-6c7ee5883fbe'::uuid]),
       (53, '2a5bd86b-6a12-4ea3-89f6-b4858f37f290'::uuid, '918e9d57-a927-4717-a2dd-616794d7f712'::uuid,
        ARRAY ['9d07a849-0103-4348-985b-67abcc51e8f2'::uuid, '7d78b616-d059-4635-bf47-00ff9c80775f'::uuid]),
       (53, '2a5bd86b-6a12-4ea3-89f6-b4858f37f290'::uuid, '918e9d57-a927-4717-a2dd-616794d7f712'::uuid,
        ARRAY ['9d07a849-0103-4348-985b-67abcc51e8f2'::uuid, '3ab0af55-8381-4139-9754-749b0fcd03f6'::uuid]),
       (53, '2a5bd86b-6a12-4ea3-89f6-b4858f37f290'::uuid, '918e9d57-a927-4717-a2dd-616794d7f712'::uuid,
        ARRAY ['9d07a849-0103-4348-985b-67abcc51e8f2'::uuid, 'd97e7129-204b-48e4-81da-78b42516d94e'::uuid]),
       (60, '2a5bd86b-6a12-4ea3-89f6-b4858f37f290'::uuid, '918e9d57-a927-4717-a2dd-616794d7f712'::uuid,
        ARRAY ['a372e513-ef42-4edc-9fa0-d77b54f26b95'::uuid, 'c3bfe3b2-4cc6-4a7c-942a-2450db6d237c'::uuid]),
       (60, '2a5bd86b-6a12-4ea3-89f6-b4858f37f290'::uuid, '918e9d57-a927-4717-a2dd-616794d7f712'::uuid,
        ARRAY ['a372e513-ef42-4edc-9fa0-d77b54f26b95'::uuid, 'e44751e2-b283-4186-a894-d540373b0cb2'::uuid]),
       (60, '2a5bd86b-6a12-4ea3-89f6-b4858f37f290'::uuid, '918e9d57-a927-4717-a2dd-616794d7f712'::uuid,
        ARRAY ['a372e513-ef42-4edc-9fa0-d77b54f26b95'::uuid, '9e8764a2-7202-47bd-ac1a-41e4302cd91b'::uuid]),
       (60, '2a5bd86b-6a12-4ea3-89f6-b4858f37f290'::uuid, '918e9d57-a927-4717-a2dd-616794d7f712'::uuid,
        ARRAY ['a372e513-ef42-4edc-9fa0-d77b54f26b95'::uuid, '1b953d97-0a1d-4f29-98b5-166773e7ed01'::uuid]),
       (60, '2a5bd86b-6a12-4ea3-89f6-b4858f37f290'::uuid, '918e9d57-a927-4717-a2dd-616794d7f712'::uuid,
        ARRAY ['a372e513-ef42-4edc-9fa0-d77b54f26b95'::uuid, '4cfa3585-82ba-4813-b639-7b8afdc867f5'::uuid]),
       (60, '2a5bd86b-6a12-4ea3-89f6-b4858f37f290'::uuid, '918e9d57-a927-4717-a2dd-616794d7f712'::uuid,
        ARRAY ['a372e513-ef42-4edc-9fa0-d77b54f26b95'::uuid, 'debbce28-368b-4dc1-b845-ca4241f7e22d'::uuid]),
       (60, '2a5bd86b-6a12-4ea3-89f6-b4858f37f290'::uuid, '918e9d57-a927-4717-a2dd-616794d7f712'::uuid,
        ARRAY ['a372e513-ef42-4edc-9fa0-d77b54f26b95'::uuid, 'bdc121d7-bb31-403f-9ae6-6bfda972b9bc'::uuid]),
       (60, '2a5bd86b-6a12-4ea3-89f6-b4858f37f290'::uuid, '918e9d57-a927-4717-a2dd-616794d7f712'::uuid,
        ARRAY ['a372e513-ef42-4edc-9fa0-d77b54f26b95'::uuid, '81a4437a-25f1-4a43-8963-8bd0cca97528'::uuid]),
       (60, '2a5bd86b-6a12-4ea3-89f6-b4858f37f290'::uuid, '918e9d57-a927-4717-a2dd-616794d7f712'::uuid,
        ARRAY ['a372e513-ef42-4edc-9fa0-d77b54f26b95'::uuid, 'b831aacc-2600-4318-bc17-0cf8b5272c4c'::uuid]),
       (60, '2a5bd86b-6a12-4ea3-89f6-b4858f37f290'::uuid, '918e9d57-a927-4717-a2dd-616794d7f712'::uuid,
        ARRAY ['a372e513-ef42-4edc-9fa0-d77b54f26b95'::uuid, '25e715c4-7397-46f2-9ca1-2fafa5a4010c'::uuid]),
       (60, '2a5bd86b-6a12-4ea3-89f6-b4858f37f290'::uuid, '918e9d57-a927-4717-a2dd-616794d7f712'::uuid,
        ARRAY ['a372e513-ef42-4edc-9fa0-d77b54f26b95'::uuid, '6d404ddb-7ff4-4635-82f9-dd60428f909d'::uuid]),
       (60, '2a5bd86b-6a12-4ea3-89f6-b4858f37f290'::uuid, '918e9d57-a927-4717-a2dd-616794d7f712'::uuid,
        ARRAY ['a372e513-ef42-4edc-9fa0-d77b54f26b95'::uuid, 'da84df49-20a9-4c20-bff4-6c7ee5883fbe'::uuid]),
       (60, '2a5bd86b-6a12-4ea3-89f6-b4858f37f290'::uuid, '918e9d57-a927-4717-a2dd-616794d7f712'::uuid,
        ARRAY ['a372e513-ef42-4edc-9fa0-d77b54f26b95'::uuid, '7d78b616-d059-4635-bf47-00ff9c80775f'::uuid]),
       (60, '2a5bd86b-6a12-4ea3-89f6-b4858f37f290'::uuid, '918e9d57-a927-4717-a2dd-616794d7f712'::uuid,
        ARRAY ['a372e513-ef42-4edc-9fa0-d77b54f26b95'::uuid, '3ab0af55-8381-4139-9754-749b0fcd03f6'::uuid]),
       (60, '2a5bd86b-6a12-4ea3-89f6-b4858f37f290'::uuid, '918e9d57-a927-4717-a2dd-616794d7f712'::uuid,
        ARRAY ['a372e513-ef42-4edc-9fa0-d77b54f26b95'::uuid, 'd97e7129-204b-48e4-81da-78b42516d94e'::uuid]),
       (52, '2a5bd86b-6a12-4ea3-89f6-b4858f37f290'::uuid, '0b02ee7a-da4b-4c92-a6dd-2e7f538c953f'::uuid,
        ARRAY ['bb86b0ef-efd4-48a6-8da2-29b9204e51a4'::uuid, 'c3bfe3b2-4cc6-4a7c-942a-2450db6d237c'::uuid]),
       (52, '2a5bd86b-6a12-4ea3-89f6-b4858f37f290'::uuid, '0b02ee7a-da4b-4c92-a6dd-2e7f538c953f'::uuid,
        ARRAY ['bb86b0ef-efd4-48a6-8da2-29b9204e51a4'::uuid, 'e44751e2-b283-4186-a894-d540373b0cb2'::uuid]),
       (52, '2a5bd86b-6a12-4ea3-89f6-b4858f37f290'::uuid, '0b02ee7a-da4b-4c92-a6dd-2e7f538c953f'::uuid,
        ARRAY ['bb86b0ef-efd4-48a6-8da2-29b9204e51a4'::uuid, '9e8764a2-7202-47bd-ac1a-41e4302cd91b'::uuid]),
       (52, '2a5bd86b-6a12-4ea3-89f6-b4858f37f290'::uuid, '0b02ee7a-da4b-4c92-a6dd-2e7f538c953f'::uuid,
        ARRAY ['bb86b0ef-efd4-48a6-8da2-29b9204e51a4'::uuid, '1b953d97-0a1d-4f29-98b5-166773e7ed01'::uuid]),
       (52, '2a5bd86b-6a12-4ea3-89f6-b4858f37f290'::uuid, '0b02ee7a-da4b-4c92-a6dd-2e7f538c953f'::uuid,
        ARRAY ['bb86b0ef-efd4-48a6-8da2-29b9204e51a4'::uuid, '4cfa3585-82ba-4813-b639-7b8afdc867f5'::uuid]),
       (52, '2a5bd86b-6a12-4ea3-89f6-b4858f37f290'::uuid, '0b02ee7a-da4b-4c92-a6dd-2e7f538c953f'::uuid,
        ARRAY ['bb86b0ef-efd4-48a6-8da2-29b9204e51a4'::uuid, 'debbce28-368b-4dc1-b845-ca4241f7e22d'::uuid]),
       (52, '2a5bd86b-6a12-4ea3-89f6-b4858f37f290'::uuid, '0b02ee7a-da4b-4c92-a6dd-2e7f538c953f'::uuid,
        ARRAY ['bb86b0ef-efd4-48a6-8da2-29b9204e51a4'::uuid, 'bdc121d7-bb31-403f-9ae6-6bfda972b9bc'::uuid]),
       (52, '2a5bd86b-6a12-4ea3-89f6-b4858f37f290'::uuid, '0b02ee7a-da4b-4c92-a6dd-2e7f538c953f'::uuid,
        ARRAY ['bb86b0ef-efd4-48a6-8da2-29b9204e51a4'::uuid, '81a4437a-25f1-4a43-8963-8bd0cca97528'::uuid]),
       (52, '2a5bd86b-6a12-4ea3-89f6-b4858f37f290'::uuid, '0b02ee7a-da4b-4c92-a6dd-2e7f538c953f'::uuid,
        ARRAY ['bb86b0ef-efd4-48a6-8da2-29b9204e51a4'::uuid, 'b831aacc-2600-4318-bc17-0cf8b5272c4c'::uuid]),
       (52, '2a5bd86b-6a12-4ea3-89f6-b4858f37f290'::uuid, '0b02ee7a-da4b-4c92-a6dd-2e7f538c953f'::uuid,
        ARRAY ['bb86b0ef-efd4-48a6-8da2-29b9204e51a4'::uuid, '25e715c4-7397-46f2-9ca1-2fafa5a4010c'::uuid]),
       (52, '2a5bd86b-6a12-4ea3-89f6-b4858f37f290'::uuid, '0b02ee7a-da4b-4c92-a6dd-2e7f538c953f'::uuid,
        ARRAY ['bb86b0ef-efd4-48a6-8da2-29b9204e51a4'::uuid, '6d404ddb-7ff4-4635-82f9-dd60428f909d'::uuid]),
       (52, '2a5bd86b-6a12-4ea3-89f6-b4858f37f290'::uuid, '0b02ee7a-da4b-4c92-a6dd-2e7f538c953f'::uuid,
        ARRAY ['bb86b0ef-efd4-48a6-8da2-29b9204e51a4'::uuid, 'da84df49-20a9-4c20-bff4-6c7ee5883fbe'::uuid]),
       (52, '2a5bd86b-6a12-4ea3-89f6-b4858f37f290'::uuid, '0b02ee7a-da4b-4c92-a6dd-2e7f538c953f'::uuid,
        ARRAY ['bb86b0ef-efd4-48a6-8da2-29b9204e51a4'::uuid, '7d78b616-d059-4635-bf47-00ff9c80775f'::uuid]),
       (52, '2a5bd86b-6a12-4ea3-89f6-b4858f37f290'::uuid, '0b02ee7a-da4b-4c92-a6dd-2e7f538c953f'::uuid,
        ARRAY ['bb86b0ef-efd4-48a6-8da2-29b9204e51a4'::uuid, '3ab0af55-8381-4139-9754-749b0fcd03f6'::uuid]),
       (52, '2a5bd86b-6a12-4ea3-89f6-b4858f37f290'::uuid, '0b02ee7a-da4b-4c92-a6dd-2e7f538c953f'::uuid,
        ARRAY ['bb86b0ef-efd4-48a6-8da2-29b9204e51a4'::uuid, 'd97e7129-204b-48e4-81da-78b42516d94e'::uuid]),
       (55, '2a5bd86b-6a12-4ea3-89f6-b4858f37f290'::uuid, '0b02ee7a-da4b-4c92-a6dd-2e7f538c953f'::uuid,
        ARRAY ['ed6f10c9-7e36-4e60-b40b-a6a78d35c24d'::uuid, 'c3bfe3b2-4cc6-4a7c-942a-2450db6d237c'::uuid]),
       (55, '2a5bd86b-6a12-4ea3-89f6-b4858f37f290'::uuid, '0b02ee7a-da4b-4c92-a6dd-2e7f538c953f'::uuid,
        ARRAY ['ed6f10c9-7e36-4e60-b40b-a6a78d35c24d'::uuid, 'e44751e2-b283-4186-a894-d540373b0cb2'::uuid]),
       (55, '2a5bd86b-6a12-4ea3-89f6-b4858f37f290'::uuid, '0b02ee7a-da4b-4c92-a6dd-2e7f538c953f'::uuid,
        ARRAY ['ed6f10c9-7e36-4e60-b40b-a6a78d35c24d'::uuid, '9e8764a2-7202-47bd-ac1a-41e4302cd91b'::uuid]),
       (55, '2a5bd86b-6a12-4ea3-89f6-b4858f37f290'::uuid, '0b02ee7a-da4b-4c92-a6dd-2e7f538c953f'::uuid,
        ARRAY ['ed6f10c9-7e36-4e60-b40b-a6a78d35c24d'::uuid, '1b953d97-0a1d-4f29-98b5-166773e7ed01'::uuid]),
       (55, '2a5bd86b-6a12-4ea3-89f6-b4858f37f290'::uuid, '0b02ee7a-da4b-4c92-a6dd-2e7f538c953f'::uuid,
        ARRAY ['ed6f10c9-7e36-4e60-b40b-a6a78d35c24d'::uuid, '4cfa3585-82ba-4813-b639-7b8afdc867f5'::uuid]),
       (55, '2a5bd86b-6a12-4ea3-89f6-b4858f37f290'::uuid, '0b02ee7a-da4b-4c92-a6dd-2e7f538c953f'::uuid,
        ARRAY ['ed6f10c9-7e36-4e60-b40b-a6a78d35c24d'::uuid, 'debbce28-368b-4dc1-b845-ca4241f7e22d'::uuid]),
       (55, '2a5bd86b-6a12-4ea3-89f6-b4858f37f290'::uuid, '0b02ee7a-da4b-4c92-a6dd-2e7f538c953f'::uuid,
        ARRAY ['ed6f10c9-7e36-4e60-b40b-a6a78d35c24d'::uuid, 'bdc121d7-bb31-403f-9ae6-6bfda972b9bc'::uuid]),
       (55, '2a5bd86b-6a12-4ea3-89f6-b4858f37f290'::uuid, '0b02ee7a-da4b-4c92-a6dd-2e7f538c953f'::uuid,
        ARRAY ['ed6f10c9-7e36-4e60-b40b-a6a78d35c24d'::uuid, '81a4437a-25f1-4a43-8963-8bd0cca97528'::uuid]),
       (55, '2a5bd86b-6a12-4ea3-89f6-b4858f37f290'::uuid, '0b02ee7a-da4b-4c92-a6dd-2e7f538c953f'::uuid,
        ARRAY ['ed6f10c9-7e36-4e60-b40b-a6a78d35c24d'::uuid, 'b831aacc-2600-4318-bc17-0cf8b5272c4c'::uuid]),
       (55, '2a5bd86b-6a12-4ea3-89f6-b4858f37f290'::uuid, '0b02ee7a-da4b-4c92-a6dd-2e7f538c953f'::uuid,
        ARRAY ['ed6f10c9-7e36-4e60-b40b-a6a78d35c24d'::uuid, '25e715c4-7397-46f2-9ca1-2fafa5a4010c'::uuid]),
       (55, '2a5bd86b-6a12-4ea3-89f6-b4858f37f290'::uuid, '0b02ee7a-da4b-4c92-a6dd-2e7f538c953f'::uuid,
        ARRAY ['ed6f10c9-7e36-4e60-b40b-a6a78d35c24d'::uuid, '6d404ddb-7ff4-4635-82f9-dd60428f909d'::uuid]),
       (55, '2a5bd86b-6a12-4ea3-89f6-b4858f37f290'::uuid, '0b02ee7a-da4b-4c92-a6dd-2e7f538c953f'::uuid,
        ARRAY ['ed6f10c9-7e36-4e60-b40b-a6a78d35c24d'::uuid, 'da84df49-20a9-4c20-bff4-6c7ee5883fbe'::uuid]),
       (55, '2a5bd86b-6a12-4ea3-89f6-b4858f37f290'::uuid, '0b02ee7a-da4b-4c92-a6dd-2e7f538c953f'::uuid,
        ARRAY ['ed6f10c9-7e36-4e60-b40b-a6a78d35c24d'::uuid, '7d78b616-d059-4635-bf47-00ff9c80775f'::uuid]),
       (55, '2a5bd86b-6a12-4ea3-89f6-b4858f37f290'::uuid, '0b02ee7a-da4b-4c92-a6dd-2e7f538c953f'::uuid,
        ARRAY ['ed6f10c9-7e36-4e60-b40b-a6a78d35c24d'::uuid, '3ab0af55-8381-4139-9754-749b0fcd03f6'::uuid]),
       (55, '2a5bd86b-6a12-4ea3-89f6-b4858f37f290'::uuid, '0b02ee7a-da4b-4c92-a6dd-2e7f538c953f'::uuid,
        ARRAY ['ed6f10c9-7e36-4e60-b40b-a6a78d35c24d'::uuid, 'd97e7129-204b-48e4-81da-78b42516d94e'::uuid]),
       (60, '2a5bd86b-6a12-4ea3-89f6-b4858f37f290'::uuid, '0b02ee7a-da4b-4c92-a6dd-2e7f538c953f'::uuid,
        ARRAY ['67d3b26c-e15a-4c15-b37a-f31eb192b2b3'::uuid, 'c3bfe3b2-4cc6-4a7c-942a-2450db6d237c'::uuid]),
       (60, '2a5bd86b-6a12-4ea3-89f6-b4858f37f290'::uuid, '0b02ee7a-da4b-4c92-a6dd-2e7f538c953f'::uuid,
        ARRAY ['67d3b26c-e15a-4c15-b37a-f31eb192b2b3'::uuid, 'e44751e2-b283-4186-a894-d540373b0cb2'::uuid]),
       (60, '2a5bd86b-6a12-4ea3-89f6-b4858f37f290'::uuid, '0b02ee7a-da4b-4c92-a6dd-2e7f538c953f'::uuid,
        ARRAY ['67d3b26c-e15a-4c15-b37a-f31eb192b2b3'::uuid, '9e8764a2-7202-47bd-ac1a-41e4302cd91b'::uuid]),
       (60, '2a5bd86b-6a12-4ea3-89f6-b4858f37f290'::uuid, '0b02ee7a-da4b-4c92-a6dd-2e7f538c953f'::uuid,
        ARRAY ['67d3b26c-e15a-4c15-b37a-f31eb192b2b3'::uuid, '1b953d97-0a1d-4f29-98b5-166773e7ed01'::uuid]),
       (60, '2a5bd86b-6a12-4ea3-89f6-b4858f37f290'::uuid, '0b02ee7a-da4b-4c92-a6dd-2e7f538c953f'::uuid,
        ARRAY ['67d3b26c-e15a-4c15-b37a-f31eb192b2b3'::uuid, '4cfa3585-82ba-4813-b639-7b8afdc867f5'::uuid]),
       (60, '2a5bd86b-6a12-4ea3-89f6-b4858f37f290'::uuid, '0b02ee7a-da4b-4c92-a6dd-2e7f538c953f'::uuid,
        ARRAY ['67d3b26c-e15a-4c15-b37a-f31eb192b2b3'::uuid, 'debbce28-368b-4dc1-b845-ca4241f7e22d'::uuid]),
       (60, '2a5bd86b-6a12-4ea3-89f6-b4858f37f290'::uuid, '0b02ee7a-da4b-4c92-a6dd-2e7f538c953f'::uuid,
        ARRAY ['67d3b26c-e15a-4c15-b37a-f31eb192b2b3'::uuid, 'bdc121d7-bb31-403f-9ae6-6bfda972b9bc'::uuid]),
       (60, '2a5bd86b-6a12-4ea3-89f6-b4858f37f290'::uuid, '0b02ee7a-da4b-4c92-a6dd-2e7f538c953f'::uuid,
        ARRAY ['67d3b26c-e15a-4c15-b37a-f31eb192b2b3'::uuid, '81a4437a-25f1-4a43-8963-8bd0cca97528'::uuid]),
       (60, '2a5bd86b-6a12-4ea3-89f6-b4858f37f290'::uuid, '0b02ee7a-da4b-4c92-a6dd-2e7f538c953f'::uuid,
        ARRAY ['67d3b26c-e15a-4c15-b37a-f31eb192b2b3'::uuid, 'b831aacc-2600-4318-bc17-0cf8b5272c4c'::uuid]),
       (60, '2a5bd86b-6a12-4ea3-89f6-b4858f37f290'::uuid, '0b02ee7a-da4b-4c92-a6dd-2e7f538c953f'::uuid,
        ARRAY ['67d3b26c-e15a-4c15-b37a-f31eb192b2b3'::uuid, '25e715c4-7397-46f2-9ca1-2fafa5a4010c'::uuid]),
       (60, '2a5bd86b-6a12-4ea3-89f6-b4858f37f290'::uuid, '0b02ee7a-da4b-4c92-a6dd-2e7f538c953f'::uuid,
        ARRAY ['67d3b26c-e15a-4c15-b37a-f31eb192b2b3'::uuid, '6d404ddb-7ff4-4635-82f9-dd60428f909d'::uuid]),
       (60, '2a5bd86b-6a12-4ea3-89f6-b4858f37f290'::uuid, '0b02ee7a-da4b-4c92-a6dd-2e7f538c953f'::uuid,
        ARRAY ['67d3b26c-e15a-4c15-b37a-f31eb192b2b3'::uuid, 'da84df49-20a9-4c20-bff4-6c7ee5883fbe'::uuid]),
       (60, '2a5bd86b-6a12-4ea3-89f6-b4858f37f290'::uuid, '0b02ee7a-da4b-4c92-a6dd-2e7f538c953f'::uuid,
        ARRAY ['67d3b26c-e15a-4c15-b37a-f31eb192b2b3'::uuid, '7d78b616-d059-4635-bf47-00ff9c80775f'::uuid]),
       (60, '2a5bd86b-6a12-4ea3-89f6-b4858f37f290'::uuid, '0b02ee7a-da4b-4c92-a6dd-2e7f538c953f'::uuid,
        ARRAY ['67d3b26c-e15a-4c15-b37a-f31eb192b2b3'::uuid, '3ab0af55-8381-4139-9754-749b0fcd03f6'::uuid]),
       (60, '2a5bd86b-6a12-4ea3-89f6-b4858f37f290'::uuid, '0b02ee7a-da4b-4c92-a6dd-2e7f538c953f'::uuid,
        ARRAY ['67d3b26c-e15a-4c15-b37a-f31eb192b2b3'::uuid, 'd97e7129-204b-48e4-81da-78b42516d94e'::uuid]),
       (70, '2a5bd86b-6a12-4ea3-89f6-b4858f37f290'::uuid, '0b02ee7a-da4b-4c92-a6dd-2e7f538c953f'::uuid,
        ARRAY ['0a87f0f3-d79f-4224-9e93-7430e317396d'::uuid, 'c3bfe3b2-4cc6-4a7c-942a-2450db6d237c'::uuid]),
       (70, '2a5bd86b-6a12-4ea3-89f6-b4858f37f290'::uuid, '0b02ee7a-da4b-4c92-a6dd-2e7f538c953f'::uuid,
        ARRAY ['0a87f0f3-d79f-4224-9e93-7430e317396d'::uuid, 'e44751e2-b283-4186-a894-d540373b0cb2'::uuid]),
       (70, '2a5bd86b-6a12-4ea3-89f6-b4858f37f290'::uuid, '0b02ee7a-da4b-4c92-a6dd-2e7f538c953f'::uuid,
        ARRAY ['0a87f0f3-d79f-4224-9e93-7430e317396d'::uuid, '9e8764a2-7202-47bd-ac1a-41e4302cd91b'::uuid]),
       (70, '2a5bd86b-6a12-4ea3-89f6-b4858f37f290'::uuid, '0b02ee7a-da4b-4c92-a6dd-2e7f538c953f'::uuid,
        ARRAY ['0a87f0f3-d79f-4224-9e93-7430e317396d'::uuid, '1b953d97-0a1d-4f29-98b5-166773e7ed01'::uuid]),
       (70, '2a5bd86b-6a12-4ea3-89f6-b4858f37f290'::uuid, '0b02ee7a-da4b-4c92-a6dd-2e7f538c953f'::uuid,
        ARRAY ['0a87f0f3-d79f-4224-9e93-7430e317396d'::uuid, '4cfa3585-82ba-4813-b639-7b8afdc867f5'::uuid]),
       (70, '2a5bd86b-6a12-4ea3-89f6-b4858f37f290'::uuid, '0b02ee7a-da4b-4c92-a6dd-2e7f538c953f'::uuid,
        ARRAY ['0a87f0f3-d79f-4224-9e93-7430e317396d'::uuid, 'debbce28-368b-4dc1-b845-ca4241f7e22d'::uuid]),
       (70, '2a5bd86b-6a12-4ea3-89f6-b4858f37f290'::uuid, '0b02ee7a-da4b-4c92-a6dd-2e7f538c953f'::uuid,
        ARRAY ['0a87f0f3-d79f-4224-9e93-7430e317396d'::uuid, 'bdc121d7-bb31-403f-9ae6-6bfda972b9bc'::uuid]),
       (70, '2a5bd86b-6a12-4ea3-89f6-b4858f37f290'::uuid, '0b02ee7a-da4b-4c92-a6dd-2e7f538c953f'::uuid,
        ARRAY ['0a87f0f3-d79f-4224-9e93-7430e317396d'::uuid, '81a4437a-25f1-4a43-8963-8bd0cca97528'::uuid]),
       (70, '2a5bd86b-6a12-4ea3-89f6-b4858f37f290'::uuid, '0b02ee7a-da4b-4c92-a6dd-2e7f538c953f'::uuid,
        ARRAY ['0a87f0f3-d79f-4224-9e93-7430e317396d'::uuid, 'b831aacc-2600-4318-bc17-0cf8b5272c4c'::uuid]),
       (70, '2a5bd86b-6a12-4ea3-89f6-b4858f37f290'::uuid, '0b02ee7a-da4b-4c92-a6dd-2e7f538c953f'::uuid,
        ARRAY ['0a87f0f3-d79f-4224-9e93-7430e317396d'::uuid, '25e715c4-7397-46f2-9ca1-2fafa5a4010c'::uuid]),
       (70, '2a5bd86b-6a12-4ea3-89f6-b4858f37f290'::uuid, '0b02ee7a-da4b-4c92-a6dd-2e7f538c953f'::uuid,
        ARRAY ['0a87f0f3-d79f-4224-9e93-7430e317396d'::uuid, '6d404ddb-7ff4-4635-82f9-dd60428f909d'::uuid]),
       (70, '2a5bd86b-6a12-4ea3-89f6-b4858f37f290'::uuid, '0b02ee7a-da4b-4c92-a6dd-2e7f538c953f'::uuid,
        ARRAY ['0a87f0f3-d79f-4224-9e93-7430e317396d'::uuid, 'da84df49-20a9-4c20-bff4-6c7ee5883fbe'::uuid]),
       (70, '2a5bd86b-6a12-4ea3-89f6-b4858f37f290'::uuid, '0b02ee7a-da4b-4c92-a6dd-2e7f538c953f'::uuid,
        ARRAY ['0a87f0f3-d79f-4224-9e93-7430e317396d'::uuid, '7d78b616-d059-4635-bf47-00ff9c80775f'::uuid]),
       (70, '2a5bd86b-6a12-4ea3-89f6-b4858f37f290'::uuid, '0b02ee7a-da4b-4c92-a6dd-2e7f538c953f'::uuid,
        ARRAY ['0a87f0f3-d79f-4224-9e93-7430e317396d'::uuid, '3ab0af55-8381-4139-9754-749b0fcd03f6'::uuid]),
       (70, '2a5bd86b-6a12-4ea3-89f6-b4858f37f290'::uuid, '0b02ee7a-da4b-4c92-a6dd-2e7f538c953f'::uuid,
        ARRAY ['0a87f0f3-d79f-4224-9e93-7430e317396d'::uuid, 'd97e7129-204b-48e4-81da-78b42516d94e'::uuid]),
       (13, '2a5bd86b-6a12-4ea3-89f6-b4858f37f290'::uuid, 'e26fc6d8-af5f-4fa0-99b7-d0f03be533b7'::uuid,
        ARRAY ['668f29a3-fa1f-4850-9f65-c405d7130ff6'::uuid, 'a8064141-8df4-4823-9a11-21e47bd1dc89'::uuid]),
       (13, '2a5bd86b-6a12-4ea3-89f6-b4858f37f290'::uuid, 'e26fc6d8-af5f-4fa0-99b7-d0f03be533b7'::uuid,
        ARRAY ['668f29a3-fa1f-4850-9f65-c405d7130ff6'::uuid, '8f9c4bd7-29d2-458f-a351-c01bda602ab3'::uuid]),
       (13, '2a5bd86b-6a12-4ea3-89f6-b4858f37f290'::uuid, 'e26fc6d8-af5f-4fa0-99b7-d0f03be533b7'::uuid,
        ARRAY ['668f29a3-fa1f-4850-9f65-c405d7130ff6'::uuid, '7ae14a24-c21f-4ccd-80e4-029a30366ca1'::uuid]),
       (13, '2a5bd86b-6a12-4ea3-89f6-b4858f37f290'::uuid, 'e26fc6d8-af5f-4fa0-99b7-d0f03be533b7'::uuid,
        ARRAY ['668f29a3-fa1f-4850-9f65-c405d7130ff6'::uuid, 'f6819611-77b1-4e2d-aff5-b08f88fef8b0'::uuid]),
       (13, '2a5bd86b-6a12-4ea3-89f6-b4858f37f290'::uuid, 'e26fc6d8-af5f-4fa0-99b7-d0f03be533b7'::uuid,
        ARRAY ['668f29a3-fa1f-4850-9f65-c405d7130ff6'::uuid, '79299b56-592e-4245-8474-421829c4c791'::uuid]),
       (13, '2a5bd86b-6a12-4ea3-89f6-b4858f37f290'::uuid, 'e26fc6d8-af5f-4fa0-99b7-d0f03be533b7'::uuid,
        ARRAY ['668f29a3-fa1f-4850-9f65-c405d7130ff6'::uuid, '08791e69-ee05-4e71-93a9-a804f938cd3c'::uuid]),
       (13, '2a5bd86b-6a12-4ea3-89f6-b4858f37f290'::uuid, 'e26fc6d8-af5f-4fa0-99b7-d0f03be533b7'::uuid,
        ARRAY ['668f29a3-fa1f-4850-9f65-c405d7130ff6'::uuid, 'ed900edb-f623-4f23-9355-5519755af207'::uuid]),
       (13, '2a5bd86b-6a12-4ea3-89f6-b4858f37f290'::uuid, 'e26fc6d8-af5f-4fa0-99b7-d0f03be533b7'::uuid,
        ARRAY ['668f29a3-fa1f-4850-9f65-c405d7130ff6'::uuid, '97153476-06d7-41af-87ac-ca6217db894e'::uuid]),
       (13, '2a5bd86b-6a12-4ea3-89f6-b4858f37f290'::uuid, 'e26fc6d8-af5f-4fa0-99b7-d0f03be533b7'::uuid,
        ARRAY ['668f29a3-fa1f-4850-9f65-c405d7130ff6'::uuid, 'f0572473-4a9c-4043-ad82-8d82a0f1c73b'::uuid]),
       (13, '2a5bd86b-6a12-4ea3-89f6-b4858f37f290'::uuid, 'e26fc6d8-af5f-4fa0-99b7-d0f03be533b7'::uuid,
        ARRAY ['668f29a3-fa1f-4850-9f65-c405d7130ff6'::uuid, '962214da-390f-4c82-9849-73c37677b1b0'::uuid]),
       (13, '2a5bd86b-6a12-4ea3-89f6-b4858f37f290'::uuid, 'e26fc6d8-af5f-4fa0-99b7-d0f03be533b7'::uuid,
        ARRAY ['668f29a3-fa1f-4850-9f65-c405d7130ff6'::uuid, 'd92ea038-60d7-4c51-bf43-d99095891ddc'::uuid]),
       (13, '2a5bd86b-6a12-4ea3-89f6-b4858f37f290'::uuid, 'e26fc6d8-af5f-4fa0-99b7-d0f03be533b7'::uuid,
        ARRAY ['668f29a3-fa1f-4850-9f65-c405d7130ff6'::uuid, '04363d65-53fc-4a6a-b801-402f1b3e88d6'::uuid]),
       (17, '2a5bd86b-6a12-4ea3-89f6-b4858f37f290'::uuid, 'e26fc6d8-af5f-4fa0-99b7-d0f03be533b7'::uuid,
        ARRAY ['e263e84a-56c5-454d-9dc5-e500279d92a6'::uuid, 'a8064141-8df4-4823-9a11-21e47bd1dc89'::uuid]),
       (17, '2a5bd86b-6a12-4ea3-89f6-b4858f37f290'::uuid, 'e26fc6d8-af5f-4fa0-99b7-d0f03be533b7'::uuid,
        ARRAY ['e263e84a-56c5-454d-9dc5-e500279d92a6'::uuid, '8f9c4bd7-29d2-458f-a351-c01bda602ab3'::uuid]),
       (17, '2a5bd86b-6a12-4ea3-89f6-b4858f37f290'::uuid, 'e26fc6d8-af5f-4fa0-99b7-d0f03be533b7'::uuid,
        ARRAY ['e263e84a-56c5-454d-9dc5-e500279d92a6'::uuid, '7ae14a24-c21f-4ccd-80e4-029a30366ca1'::uuid]),
       (17, '2a5bd86b-6a12-4ea3-89f6-b4858f37f290'::uuid, 'e26fc6d8-af5f-4fa0-99b7-d0f03be533b7'::uuid,
        ARRAY ['e263e84a-56c5-454d-9dc5-e500279d92a6'::uuid, 'f6819611-77b1-4e2d-aff5-b08f88fef8b0'::uuid]),
       (17, '2a5bd86b-6a12-4ea3-89f6-b4858f37f290'::uuid, 'e26fc6d8-af5f-4fa0-99b7-d0f03be533b7'::uuid,
        ARRAY ['e263e84a-56c5-454d-9dc5-e500279d92a6'::uuid, '79299b56-592e-4245-8474-421829c4c791'::uuid]),
       (17, '2a5bd86b-6a12-4ea3-89f6-b4858f37f290'::uuid, 'e26fc6d8-af5f-4fa0-99b7-d0f03be533b7'::uuid,
        ARRAY ['e263e84a-56c5-454d-9dc5-e500279d92a6'::uuid, '08791e69-ee05-4e71-93a9-a804f938cd3c'::uuid]),
       (17, '2a5bd86b-6a12-4ea3-89f6-b4858f37f290'::uuid, 'e26fc6d8-af5f-4fa0-99b7-d0f03be533b7'::uuid,
        ARRAY ['e263e84a-56c5-454d-9dc5-e500279d92a6'::uuid, 'ed900edb-f623-4f23-9355-5519755af207'::uuid]),
       (17, '2a5bd86b-6a12-4ea3-89f6-b4858f37f290'::uuid, 'e26fc6d8-af5f-4fa0-99b7-d0f03be533b7'::uuid,
        ARRAY ['e263e84a-56c5-454d-9dc5-e500279d92a6'::uuid, '97153476-06d7-41af-87ac-ca6217db894e'::uuid]),
       (17, '2a5bd86b-6a12-4ea3-89f6-b4858f37f290'::uuid, 'e26fc6d8-af5f-4fa0-99b7-d0f03be533b7'::uuid,
        ARRAY ['e263e84a-56c5-454d-9dc5-e500279d92a6'::uuid, 'f0572473-4a9c-4043-ad82-8d82a0f1c73b'::uuid]),
       (17, '2a5bd86b-6a12-4ea3-89f6-b4858f37f290'::uuid, 'e26fc6d8-af5f-4fa0-99b7-d0f03be533b7'::uuid,
        ARRAY ['e263e84a-56c5-454d-9dc5-e500279d92a6'::uuid, '962214da-390f-4c82-9849-73c37677b1b0'::uuid]),
       (17, '2a5bd86b-6a12-4ea3-89f6-b4858f37f290'::uuid, 'e26fc6d8-af5f-4fa0-99b7-d0f03be533b7'::uuid,
        ARRAY ['e263e84a-56c5-454d-9dc5-e500279d92a6'::uuid, 'd92ea038-60d7-4c51-bf43-d99095891ddc'::uuid]),
       (17, '2a5bd86b-6a12-4ea3-89f6-b4858f37f290'::uuid, 'e26fc6d8-af5f-4fa0-99b7-d0f03be533b7'::uuid,
        ARRAY ['e263e84a-56c5-454d-9dc5-e500279d92a6'::uuid, '04363d65-53fc-4a6a-b801-402f1b3e88d6'::uuid]),
       (20, '2a5bd86b-6a12-4ea3-89f6-b4858f37f290'::uuid, 'e26fc6d8-af5f-4fa0-99b7-d0f03be533b7'::uuid,
        ARRAY ['305f6bf4-0466-4624-91c5-7b2fd074b157'::uuid, 'a8064141-8df4-4823-9a11-21e47bd1dc89'::uuid]),
       (20, '2a5bd86b-6a12-4ea3-89f6-b4858f37f290'::uuid, 'e26fc6d8-af5f-4fa0-99b7-d0f03be533b7'::uuid,
        ARRAY ['305f6bf4-0466-4624-91c5-7b2fd074b157'::uuid, '8f9c4bd7-29d2-458f-a351-c01bda602ab3'::uuid]),
       (20, '2a5bd86b-6a12-4ea3-89f6-b4858f37f290'::uuid, 'e26fc6d8-af5f-4fa0-99b7-d0f03be533b7'::uuid,
        ARRAY ['305f6bf4-0466-4624-91c5-7b2fd074b157'::uuid, '7ae14a24-c21f-4ccd-80e4-029a30366ca1'::uuid]),
       (20, '2a5bd86b-6a12-4ea3-89f6-b4858f37f290'::uuid, 'e26fc6d8-af5f-4fa0-99b7-d0f03be533b7'::uuid,
        ARRAY ['305f6bf4-0466-4624-91c5-7b2fd074b157'::uuid, 'f6819611-77b1-4e2d-aff5-b08f88fef8b0'::uuid]),
       (20, '2a5bd86b-6a12-4ea3-89f6-b4858f37f290'::uuid, 'e26fc6d8-af5f-4fa0-99b7-d0f03be533b7'::uuid,
        ARRAY ['305f6bf4-0466-4624-91c5-7b2fd074b157'::uuid, '79299b56-592e-4245-8474-421829c4c791'::uuid]),
       (20, '2a5bd86b-6a12-4ea3-89f6-b4858f37f290'::uuid, 'e26fc6d8-af5f-4fa0-99b7-d0f03be533b7'::uuid,
        ARRAY ['305f6bf4-0466-4624-91c5-7b2fd074b157'::uuid, '08791e69-ee05-4e71-93a9-a804f938cd3c'::uuid]),
       (20, '2a5bd86b-6a12-4ea3-89f6-b4858f37f290'::uuid, 'e26fc6d8-af5f-4fa0-99b7-d0f03be533b7'::uuid,
        ARRAY ['305f6bf4-0466-4624-91c5-7b2fd074b157'::uuid, 'ed900edb-f623-4f23-9355-5519755af207'::uuid]),
       (20, '2a5bd86b-6a12-4ea3-89f6-b4858f37f290'::uuid, 'e26fc6d8-af5f-4fa0-99b7-d0f03be533b7'::uuid,
        ARRAY ['305f6bf4-0466-4624-91c5-7b2fd074b157'::uuid, '97153476-06d7-41af-87ac-ca6217db894e'::uuid]),
       (20, '2a5bd86b-6a12-4ea3-89f6-b4858f37f290'::uuid, 'e26fc6d8-af5f-4fa0-99b7-d0f03be533b7'::uuid,
        ARRAY ['305f6bf4-0466-4624-91c5-7b2fd074b157'::uuid, 'f0572473-4a9c-4043-ad82-8d82a0f1c73b'::uuid]),
       (20, '2a5bd86b-6a12-4ea3-89f6-b4858f37f290'::uuid, 'e26fc6d8-af5f-4fa0-99b7-d0f03be533b7'::uuid,
        ARRAY ['305f6bf4-0466-4624-91c5-7b2fd074b157'::uuid, '962214da-390f-4c82-9849-73c37677b1b0'::uuid]),
       (20, '2a5bd86b-6a12-4ea3-89f6-b4858f37f290'::uuid, 'e26fc6d8-af5f-4fa0-99b7-d0f03be533b7'::uuid,
        ARRAY ['305f6bf4-0466-4624-91c5-7b2fd074b157'::uuid, 'd92ea038-60d7-4c51-bf43-d99095891ddc'::uuid]),
       (20, '2a5bd86b-6a12-4ea3-89f6-b4858f37f290'::uuid, 'e26fc6d8-af5f-4fa0-99b7-d0f03be533b7'::uuid,
        ARRAY ['305f6bf4-0466-4624-91c5-7b2fd074b157'::uuid, '04363d65-53fc-4a6a-b801-402f1b3e88d6'::uuid]),
       (45, '2a5bd86b-6a12-4ea3-89f6-b4858f37f290'::uuid, '19379996-e908-459a-a4ab-4f5adc841680'::uuid,
        ARRAY ['ad7bea41-6bdc-4417-9e4e-6c477f497b95'::uuid, 'c3bfe3b2-4cc6-4a7c-942a-2450db6d237c'::uuid]),
       (45, '2a5bd86b-6a12-4ea3-89f6-b4858f37f290'::uuid, '19379996-e908-459a-a4ab-4f5adc841680'::uuid,
        ARRAY ['ad7bea41-6bdc-4417-9e4e-6c477f497b95'::uuid, 'e44751e2-b283-4186-a894-d540373b0cb2'::uuid]),
       (45, '2a5bd86b-6a12-4ea3-89f6-b4858f37f290'::uuid, '19379996-e908-459a-a4ab-4f5adc841680'::uuid,
        ARRAY ['ad7bea41-6bdc-4417-9e4e-6c477f497b95'::uuid, '9e8764a2-7202-47bd-ac1a-41e4302cd91b'::uuid]),
       (45, '2a5bd86b-6a12-4ea3-89f6-b4858f37f290'::uuid, '19379996-e908-459a-a4ab-4f5adc841680'::uuid,
        ARRAY ['ad7bea41-6bdc-4417-9e4e-6c477f497b95'::uuid, '1b953d97-0a1d-4f29-98b5-166773e7ed01'::uuid]),
       (45, '2a5bd86b-6a12-4ea3-89f6-b4858f37f290'::uuid, '19379996-e908-459a-a4ab-4f5adc841680'::uuid,
        ARRAY ['ad7bea41-6bdc-4417-9e4e-6c477f497b95'::uuid, '4cfa3585-82ba-4813-b639-7b8afdc867f5'::uuid]),
       (45, '2a5bd86b-6a12-4ea3-89f6-b4858f37f290'::uuid, '19379996-e908-459a-a4ab-4f5adc841680'::uuid,
        ARRAY ['ad7bea41-6bdc-4417-9e4e-6c477f497b95'::uuid, 'debbce28-368b-4dc1-b845-ca4241f7e22d'::uuid]),
       (45, '2a5bd86b-6a12-4ea3-89f6-b4858f37f290'::uuid, '19379996-e908-459a-a4ab-4f5adc841680'::uuid,
        ARRAY ['ad7bea41-6bdc-4417-9e4e-6c477f497b95'::uuid, 'bdc121d7-bb31-403f-9ae6-6bfda972b9bc'::uuid]),
       (45, '2a5bd86b-6a12-4ea3-89f6-b4858f37f290'::uuid, '19379996-e908-459a-a4ab-4f5adc841680'::uuid,
        ARRAY ['ad7bea41-6bdc-4417-9e4e-6c477f497b95'::uuid, '81a4437a-25f1-4a43-8963-8bd0cca97528'::uuid]),
       (45, '2a5bd86b-6a12-4ea3-89f6-b4858f37f290'::uuid, '19379996-e908-459a-a4ab-4f5adc841680'::uuid,
        ARRAY ['ad7bea41-6bdc-4417-9e4e-6c477f497b95'::uuid, 'b831aacc-2600-4318-bc17-0cf8b5272c4c'::uuid]),
       (45, '2a5bd86b-6a12-4ea3-89f6-b4858f37f290'::uuid, '19379996-e908-459a-a4ab-4f5adc841680'::uuid,
        ARRAY ['ad7bea41-6bdc-4417-9e4e-6c477f497b95'::uuid, '25e715c4-7397-46f2-9ca1-2fafa5a4010c'::uuid]),
       (45, '2a5bd86b-6a12-4ea3-89f6-b4858f37f290'::uuid, '19379996-e908-459a-a4ab-4f5adc841680'::uuid,
        ARRAY ['ad7bea41-6bdc-4417-9e4e-6c477f497b95'::uuid, '6d404ddb-7ff4-4635-82f9-dd60428f909d'::uuid]),
       (45, '2a5bd86b-6a12-4ea3-89f6-b4858f37f290'::uuid, '19379996-e908-459a-a4ab-4f5adc841680'::uuid,
        ARRAY ['ad7bea41-6bdc-4417-9e4e-6c477f497b95'::uuid, 'da84df49-20a9-4c20-bff4-6c7ee5883fbe'::uuid]),
       (45, '2a5bd86b-6a12-4ea3-89f6-b4858f37f290'::uuid, '19379996-e908-459a-a4ab-4f5adc841680'::uuid,
        ARRAY ['ad7bea41-6bdc-4417-9e4e-6c477f497b95'::uuid, '7d78b616-d059-4635-bf47-00ff9c80775f'::uuid]),
       (45, '2a5bd86b-6a12-4ea3-89f6-b4858f37f290'::uuid, '19379996-e908-459a-a4ab-4f5adc841680'::uuid,
        ARRAY ['ad7bea41-6bdc-4417-9e4e-6c477f497b95'::uuid, '3ab0af55-8381-4139-9754-749b0fcd03f6'::uuid]),
       (45, '2a5bd86b-6a12-4ea3-89f6-b4858f37f290'::uuid, '19379996-e908-459a-a4ab-4f5adc841680'::uuid,
        ARRAY ['ad7bea41-6bdc-4417-9e4e-6c477f497b95'::uuid, 'd97e7129-204b-48e4-81da-78b42516d94e'::uuid]),
       (50, '2a5bd86b-6a12-4ea3-89f6-b4858f37f290'::uuid, '19379996-e908-459a-a4ab-4f5adc841680'::uuid,
        ARRAY ['50335889-cd3c-449c-89f5-40cbeaff326e'::uuid, 'c3bfe3b2-4cc6-4a7c-942a-2450db6d237c'::uuid]),
       (50, '2a5bd86b-6a12-4ea3-89f6-b4858f37f290'::uuid, '19379996-e908-459a-a4ab-4f5adc841680'::uuid,
        ARRAY ['50335889-cd3c-449c-89f5-40cbeaff326e'::uuid, 'e44751e2-b283-4186-a894-d540373b0cb2'::uuid]),
       (50, '2a5bd86b-6a12-4ea3-89f6-b4858f37f290'::uuid, '19379996-e908-459a-a4ab-4f5adc841680'::uuid,
        ARRAY ['50335889-cd3c-449c-89f5-40cbeaff326e'::uuid, '9e8764a2-7202-47bd-ac1a-41e4302cd91b'::uuid]),
       (50, '2a5bd86b-6a12-4ea3-89f6-b4858f37f290'::uuid, '19379996-e908-459a-a4ab-4f5adc841680'::uuid,
        ARRAY ['50335889-cd3c-449c-89f5-40cbeaff326e'::uuid, '1b953d97-0a1d-4f29-98b5-166773e7ed01'::uuid]),
       (50, '2a5bd86b-6a12-4ea3-89f6-b4858f37f290'::uuid, '19379996-e908-459a-a4ab-4f5adc841680'::uuid,
        ARRAY ['50335889-cd3c-449c-89f5-40cbeaff326e'::uuid, '4cfa3585-82ba-4813-b639-7b8afdc867f5'::uuid]),
       (50, '2a5bd86b-6a12-4ea3-89f6-b4858f37f290'::uuid, '19379996-e908-459a-a4ab-4f5adc841680'::uuid,
        ARRAY ['50335889-cd3c-449c-89f5-40cbeaff326e'::uuid, 'debbce28-368b-4dc1-b845-ca4241f7e22d'::uuid]),
       (50, '2a5bd86b-6a12-4ea3-89f6-b4858f37f290'::uuid, '19379996-e908-459a-a4ab-4f5adc841680'::uuid,
        ARRAY ['50335889-cd3c-449c-89f5-40cbeaff326e'::uuid, 'bdc121d7-bb31-403f-9ae6-6bfda972b9bc'::uuid]),
       (50, '2a5bd86b-6a12-4ea3-89f6-b4858f37f290'::uuid, '19379996-e908-459a-a4ab-4f5adc841680'::uuid,
        ARRAY ['50335889-cd3c-449c-89f5-40cbeaff326e'::uuid, '81a4437a-25f1-4a43-8963-8bd0cca97528'::uuid]),
       (50, '2a5bd86b-6a12-4ea3-89f6-b4858f37f290'::uuid, '19379996-e908-459a-a4ab-4f5adc841680'::uuid,
        ARRAY ['50335889-cd3c-449c-89f5-40cbeaff326e'::uuid, 'b831aacc-2600-4318-bc17-0cf8b5272c4c'::uuid]),
       (50, '2a5bd86b-6a12-4ea3-89f6-b4858f37f290'::uuid, '19379996-e908-459a-a4ab-4f5adc841680'::uuid,
        ARRAY ['50335889-cd3c-449c-89f5-40cbeaff326e'::uuid, '25e715c4-7397-46f2-9ca1-2fafa5a4010c'::uuid]),
       (50, '2a5bd86b-6a12-4ea3-89f6-b4858f37f290'::uuid, '19379996-e908-459a-a4ab-4f5adc841680'::uuid,
        ARRAY ['50335889-cd3c-449c-89f5-40cbeaff326e'::uuid, '6d404ddb-7ff4-4635-82f9-dd60428f909d'::uuid]),
       (50, '2a5bd86b-6a12-4ea3-89f6-b4858f37f290'::uuid, '19379996-e908-459a-a4ab-4f5adc841680'::uuid,
        ARRAY ['50335889-cd3c-449c-89f5-40cbeaff326e'::uuid, 'da84df49-20a9-4c20-bff4-6c7ee5883fbe'::uuid]),
       (50, '2a5bd86b-6a12-4ea3-89f6-b4858f37f290'::uuid, '19379996-e908-459a-a4ab-4f5adc841680'::uuid,
        ARRAY ['50335889-cd3c-449c-89f5-40cbeaff326e'::uuid, '7d78b616-d059-4635-bf47-00ff9c80775f'::uuid]),
       (50, '2a5bd86b-6a12-4ea3-89f6-b4858f37f290'::uuid, '19379996-e908-459a-a4ab-4f5adc841680'::uuid,
        ARRAY ['50335889-cd3c-449c-89f5-40cbeaff326e'::uuid, '3ab0af55-8381-4139-9754-749b0fcd03f6'::uuid]),
       (50, '2a5bd86b-6a12-4ea3-89f6-b4858f37f290'::uuid, '19379996-e908-459a-a4ab-4f5adc841680'::uuid,
        ARRAY ['50335889-cd3c-449c-89f5-40cbeaff326e'::uuid, 'd97e7129-204b-48e4-81da-78b42516d94e'::uuid]),
       (55, '2a5bd86b-6a12-4ea3-89f6-b4858f37f290'::uuid, '19379996-e908-459a-a4ab-4f5adc841680'::uuid,
        ARRAY ['48365934-44a2-4983-9940-3a20d7f1a7b5'::uuid, 'c3bfe3b2-4cc6-4a7c-942a-2450db6d237c'::uuid]),
       (55, '2a5bd86b-6a12-4ea3-89f6-b4858f37f290'::uuid, '19379996-e908-459a-a4ab-4f5adc841680'::uuid,
        ARRAY ['48365934-44a2-4983-9940-3a20d7f1a7b5'::uuid, 'e44751e2-b283-4186-a894-d540373b0cb2'::uuid]),
       (55, '2a5bd86b-6a12-4ea3-89f6-b4858f37f290'::uuid, '19379996-e908-459a-a4ab-4f5adc841680'::uuid,
        ARRAY ['48365934-44a2-4983-9940-3a20d7f1a7b5'::uuid, '9e8764a2-7202-47bd-ac1a-41e4302cd91b'::uuid]),
       (55, '2a5bd86b-6a12-4ea3-89f6-b4858f37f290'::uuid, '19379996-e908-459a-a4ab-4f5adc841680'::uuid,
        ARRAY ['48365934-44a2-4983-9940-3a20d7f1a7b5'::uuid, '1b953d97-0a1d-4f29-98b5-166773e7ed01'::uuid]),
       (55, '2a5bd86b-6a12-4ea3-89f6-b4858f37f290'::uuid, '19379996-e908-459a-a4ab-4f5adc841680'::uuid,
        ARRAY ['48365934-44a2-4983-9940-3a20d7f1a7b5'::uuid, '4cfa3585-82ba-4813-b639-7b8afdc867f5'::uuid]),
       (55, '2a5bd86b-6a12-4ea3-89f6-b4858f37f290'::uuid, '19379996-e908-459a-a4ab-4f5adc841680'::uuid,
        ARRAY ['48365934-44a2-4983-9940-3a20d7f1a7b5'::uuid, 'debbce28-368b-4dc1-b845-ca4241f7e22d'::uuid]),
       (55, '2a5bd86b-6a12-4ea3-89f6-b4858f37f290'::uuid, '19379996-e908-459a-a4ab-4f5adc841680'::uuid,
        ARRAY ['48365934-44a2-4983-9940-3a20d7f1a7b5'::uuid, 'bdc121d7-bb31-403f-9ae6-6bfda972b9bc'::uuid]),
       (55, '2a5bd86b-6a12-4ea3-89f6-b4858f37f290'::uuid, '19379996-e908-459a-a4ab-4f5adc841680'::uuid,
        ARRAY ['48365934-44a2-4983-9940-3a20d7f1a7b5'::uuid, '81a4437a-25f1-4a43-8963-8bd0cca97528'::uuid]),
       (55, '2a5bd86b-6a12-4ea3-89f6-b4858f37f290'::uuid, '19379996-e908-459a-a4ab-4f5adc841680'::uuid,
        ARRAY ['48365934-44a2-4983-9940-3a20d7f1a7b5'::uuid, 'b831aacc-2600-4318-bc17-0cf8b5272c4c'::uuid]),
       (55, '2a5bd86b-6a12-4ea3-89f6-b4858f37f290'::uuid, '19379996-e908-459a-a4ab-4f5adc841680'::uuid,
        ARRAY ['48365934-44a2-4983-9940-3a20d7f1a7b5'::uuid, '25e715c4-7397-46f2-9ca1-2fafa5a4010c'::uuid]),
       (55, '2a5bd86b-6a12-4ea3-89f6-b4858f37f290'::uuid, '19379996-e908-459a-a4ab-4f5adc841680'::uuid,
        ARRAY ['48365934-44a2-4983-9940-3a20d7f1a7b5'::uuid, '6d404ddb-7ff4-4635-82f9-dd60428f909d'::uuid]),
       (55, '2a5bd86b-6a12-4ea3-89f6-b4858f37f290'::uuid, '19379996-e908-459a-a4ab-4f5adc841680'::uuid,
        ARRAY ['48365934-44a2-4983-9940-3a20d7f1a7b5'::uuid, 'da84df49-20a9-4c20-bff4-6c7ee5883fbe'::uuid]),
       (55, '2a5bd86b-6a12-4ea3-89f6-b4858f37f290'::uuid, '19379996-e908-459a-a4ab-4f5adc841680'::uuid,
        ARRAY ['48365934-44a2-4983-9940-3a20d7f1a7b5'::uuid, '7d78b616-d059-4635-bf47-00ff9c80775f'::uuid]),
       (55, '2a5bd86b-6a12-4ea3-89f6-b4858f37f290'::uuid, '19379996-e908-459a-a4ab-4f5adc841680'::uuid,
        ARRAY ['48365934-44a2-4983-9940-3a20d7f1a7b5'::uuid, '3ab0af55-8381-4139-9754-749b0fcd03f6'::uuid]),
       (55, '2a5bd86b-6a12-4ea3-89f6-b4858f37f290'::uuid, '19379996-e908-459a-a4ab-4f5adc841680'::uuid,
        ARRAY ['48365934-44a2-4983-9940-3a20d7f1a7b5'::uuid, 'd97e7129-204b-48e4-81da-78b42516d94e'::uuid]),
       (60, '2a5bd86b-6a12-4ea3-89f6-b4858f37f290'::uuid, '19379996-e908-459a-a4ab-4f5adc841680'::uuid,
        ARRAY ['3fe8a88a-c375-4dad-9400-f752296c56db'::uuid, 'c3bfe3b2-4cc6-4a7c-942a-2450db6d237c'::uuid]),
       (60, '2a5bd86b-6a12-4ea3-89f6-b4858f37f290'::uuid, '19379996-e908-459a-a4ab-4f5adc841680'::uuid,
        ARRAY ['3fe8a88a-c375-4dad-9400-f752296c56db'::uuid, 'e44751e2-b283-4186-a894-d540373b0cb2'::uuid]),
       (60, '2a5bd86b-6a12-4ea3-89f6-b4858f37f290'::uuid, '19379996-e908-459a-a4ab-4f5adc841680'::uuid,
        ARRAY ['3fe8a88a-c375-4dad-9400-f752296c56db'::uuid, '9e8764a2-7202-47bd-ac1a-41e4302cd91b'::uuid]),
       (60, '2a5bd86b-6a12-4ea3-89f6-b4858f37f290'::uuid, '19379996-e908-459a-a4ab-4f5adc841680'::uuid,
        ARRAY ['3fe8a88a-c375-4dad-9400-f752296c56db'::uuid, '1b953d97-0a1d-4f29-98b5-166773e7ed01'::uuid]),
       (60, '2a5bd86b-6a12-4ea3-89f6-b4858f37f290'::uuid, '19379996-e908-459a-a4ab-4f5adc841680'::uuid,
        ARRAY ['3fe8a88a-c375-4dad-9400-f752296c56db'::uuid, '4cfa3585-82ba-4813-b639-7b8afdc867f5'::uuid]),
       (60, '2a5bd86b-6a12-4ea3-89f6-b4858f37f290'::uuid, '19379996-e908-459a-a4ab-4f5adc841680'::uuid,
        ARRAY ['3fe8a88a-c375-4dad-9400-f752296c56db'::uuid, 'debbce28-368b-4dc1-b845-ca4241f7e22d'::uuid]),
       (60, '2a5bd86b-6a12-4ea3-89f6-b4858f37f290'::uuid, '19379996-e908-459a-a4ab-4f5adc841680'::uuid,
        ARRAY ['3fe8a88a-c375-4dad-9400-f752296c56db'::uuid, 'bdc121d7-bb31-403f-9ae6-6bfda972b9bc'::uuid]),
       (60, '2a5bd86b-6a12-4ea3-89f6-b4858f37f290'::uuid, '19379996-e908-459a-a4ab-4f5adc841680'::uuid,
        ARRAY ['3fe8a88a-c375-4dad-9400-f752296c56db'::uuid, '81a4437a-25f1-4a43-8963-8bd0cca97528'::uuid]),
       (60, '2a5bd86b-6a12-4ea3-89f6-b4858f37f290'::uuid, '19379996-e908-459a-a4ab-4f5adc841680'::uuid,
        ARRAY ['3fe8a88a-c375-4dad-9400-f752296c56db'::uuid, 'b831aacc-2600-4318-bc17-0cf8b5272c4c'::uuid]),
       (60, '2a5bd86b-6a12-4ea3-89f6-b4858f37f290'::uuid, '19379996-e908-459a-a4ab-4f5adc841680'::uuid,
        ARRAY ['3fe8a88a-c375-4dad-9400-f752296c56db'::uuid, '25e715c4-7397-46f2-9ca1-2fafa5a4010c'::uuid]),
       (60, '2a5bd86b-6a12-4ea3-89f6-b4858f37f290'::uuid, '19379996-e908-459a-a4ab-4f5adc841680'::uuid,
        ARRAY ['3fe8a88a-c375-4dad-9400-f752296c56db'::uuid, '6d404ddb-7ff4-4635-82f9-dd60428f909d'::uuid]),
       (60, '2a5bd86b-6a12-4ea3-89f6-b4858f37f290'::uuid, '19379996-e908-459a-a4ab-4f5adc841680'::uuid,
        ARRAY ['3fe8a88a-c375-4dad-9400-f752296c56db'::uuid, 'da84df49-20a9-4c20-bff4-6c7ee5883fbe'::uuid]),
       (60, '2a5bd86b-6a12-4ea3-89f6-b4858f37f290'::uuid, '19379996-e908-459a-a4ab-4f5adc841680'::uuid,
        ARRAY ['3fe8a88a-c375-4dad-9400-f752296c56db'::uuid, '7d78b616-d059-4635-bf47-00ff9c80775f'::uuid]),
       (60, '2a5bd86b-6a12-4ea3-89f6-b4858f37f290'::uuid, '19379996-e908-459a-a4ab-4f5adc841680'::uuid,
        ARRAY ['3fe8a88a-c375-4dad-9400-f752296c56db'::uuid, '3ab0af55-8381-4139-9754-749b0fcd03f6'::uuid]),
       (60, '2a5bd86b-6a12-4ea3-89f6-b4858f37f290'::uuid, '19379996-e908-459a-a4ab-4f5adc841680'::uuid,
        ARRAY ['3fe8a88a-c375-4dad-9400-f752296c56db'::uuid, 'd97e7129-204b-48e4-81da-78b42516d94e'::uuid]),
       (70, '2a5bd86b-6a12-4ea3-89f6-b4858f37f290'::uuid, '19379996-e908-459a-a4ab-4f5adc841680'::uuid,
        ARRAY ['1faee0d3-03d3-4187-93dd-f68f8b0810e9'::uuid, 'c3bfe3b2-4cc6-4a7c-942a-2450db6d237c'::uuid]),
       (70, '2a5bd86b-6a12-4ea3-89f6-b4858f37f290'::uuid, '19379996-e908-459a-a4ab-4f5adc841680'::uuid,
        ARRAY ['1faee0d3-03d3-4187-93dd-f68f8b0810e9'::uuid, 'e44751e2-b283-4186-a894-d540373b0cb2'::uuid]),
       (70, '2a5bd86b-6a12-4ea3-89f6-b4858f37f290'::uuid, '19379996-e908-459a-a4ab-4f5adc841680'::uuid,
        ARRAY ['1faee0d3-03d3-4187-93dd-f68f8b0810e9'::uuid, '9e8764a2-7202-47bd-ac1a-41e4302cd91b'::uuid]),
       (70, '2a5bd86b-6a12-4ea3-89f6-b4858f37f290'::uuid, '19379996-e908-459a-a4ab-4f5adc841680'::uuid,
        ARRAY ['1faee0d3-03d3-4187-93dd-f68f8b0810e9'::uuid, '1b953d97-0a1d-4f29-98b5-166773e7ed01'::uuid]),
       (70, '2a5bd86b-6a12-4ea3-89f6-b4858f37f290'::uuid, '19379996-e908-459a-a4ab-4f5adc841680'::uuid,
        ARRAY ['1faee0d3-03d3-4187-93dd-f68f8b0810e9'::uuid, '4cfa3585-82ba-4813-b639-7b8afdc867f5'::uuid]),
       (70, '2a5bd86b-6a12-4ea3-89f6-b4858f37f290'::uuid, '19379996-e908-459a-a4ab-4f5adc841680'::uuid,
        ARRAY ['1faee0d3-03d3-4187-93dd-f68f8b0810e9'::uuid, 'debbce28-368b-4dc1-b845-ca4241f7e22d'::uuid]),
       (70, '2a5bd86b-6a12-4ea3-89f6-b4858f37f290'::uuid, '19379996-e908-459a-a4ab-4f5adc841680'::uuid,
        ARRAY ['1faee0d3-03d3-4187-93dd-f68f8b0810e9'::uuid, 'bdc121d7-bb31-403f-9ae6-6bfda972b9bc'::uuid]),
       (70, '2a5bd86b-6a12-4ea3-89f6-b4858f37f290'::uuid, '19379996-e908-459a-a4ab-4f5adc841680'::uuid,
        ARRAY ['1faee0d3-03d3-4187-93dd-f68f8b0810e9'::uuid, '81a4437a-25f1-4a43-8963-8bd0cca97528'::uuid]),
       (70, '2a5bd86b-6a12-4ea3-89f6-b4858f37f290'::uuid, '19379996-e908-459a-a4ab-4f5adc841680'::uuid,
        ARRAY ['1faee0d3-03d3-4187-93dd-f68f8b0810e9'::uuid, 'b831aacc-2600-4318-bc17-0cf8b5272c4c'::uuid]),
       (70, '2a5bd86b-6a12-4ea3-89f6-b4858f37f290'::uuid, '19379996-e908-459a-a4ab-4f5adc841680'::uuid,
        ARRAY ['1faee0d3-03d3-4187-93dd-f68f8b0810e9'::uuid, '25e715c4-7397-46f2-9ca1-2fafa5a4010c'::uuid]),
       (70, '2a5bd86b-6a12-4ea3-89f6-b4858f37f290'::uuid, '19379996-e908-459a-a4ab-4f5adc841680'::uuid,
        ARRAY ['1faee0d3-03d3-4187-93dd-f68f8b0810e9'::uuid, '6d404ddb-7ff4-4635-82f9-dd60428f909d'::uuid]),
       (70, '2a5bd86b-6a12-4ea3-89f6-b4858f37f290'::uuid, '19379996-e908-459a-a4ab-4f5adc841680'::uuid,
        ARRAY ['1faee0d3-03d3-4187-93dd-f68f8b0810e9'::uuid, 'da84df49-20a9-4c20-bff4-6c7ee5883fbe'::uuid]),
       (70, '2a5bd86b-6a12-4ea3-89f6-b4858f37f290'::uuid, '19379996-e908-459a-a4ab-4f5adc841680'::uuid,
        ARRAY ['1faee0d3-03d3-4187-93dd-f68f8b0810e9'::uuid, '7d78b616-d059-4635-bf47-00ff9c80775f'::uuid]),
       (70, '2a5bd86b-6a12-4ea3-89f6-b4858f37f290'::uuid, '19379996-e908-459a-a4ab-4f5adc841680'::uuid,
        ARRAY ['1faee0d3-03d3-4187-93dd-f68f8b0810e9'::uuid, '3ab0af55-8381-4139-9754-749b0fcd03f6'::uuid]),
       (70, '2a5bd86b-6a12-4ea3-89f6-b4858f37f290'::uuid, '19379996-e908-459a-a4ab-4f5adc841680'::uuid,
        ARRAY ['1faee0d3-03d3-4187-93dd-f68f8b0810e9'::uuid, 'd97e7129-204b-48e4-81da-78b42516d94e'::uuid]),
       (32, '2a5bd86b-6a12-4ea3-89f6-b4858f37f290'::uuid, '5c96dbfe-d85d-4d69-bcda-23d0e87ccce0'::uuid,
        ARRAY ['2e6205ba-6a60-4a9f-a8aa-f8ee9950f294'::uuid, 'a8064141-8df4-4823-9a11-21e47bd1dc89'::uuid]),
       (32, '2a5bd86b-6a12-4ea3-89f6-b4858f37f290'::uuid, '5c96dbfe-d85d-4d69-bcda-23d0e87ccce0'::uuid,
        ARRAY ['2e6205ba-6a60-4a9f-a8aa-f8ee9950f294'::uuid, '8f9c4bd7-29d2-458f-a351-c01bda602ab3'::uuid]),
       (32, '2a5bd86b-6a12-4ea3-89f6-b4858f37f290'::uuid, '5c96dbfe-d85d-4d69-bcda-23d0e87ccce0'::uuid,
        ARRAY ['2e6205ba-6a60-4a9f-a8aa-f8ee9950f294'::uuid, '7ae14a24-c21f-4ccd-80e4-029a30366ca1'::uuid]),
       (32, '2a5bd86b-6a12-4ea3-89f6-b4858f37f290'::uuid, '5c96dbfe-d85d-4d69-bcda-23d0e87ccce0'::uuid,
        ARRAY ['2e6205ba-6a60-4a9f-a8aa-f8ee9950f294'::uuid, 'f6819611-77b1-4e2d-aff5-b08f88fef8b0'::uuid]),
       (32, '2a5bd86b-6a12-4ea3-89f6-b4858f37f290'::uuid, '5c96dbfe-d85d-4d69-bcda-23d0e87ccce0'::uuid,
        ARRAY ['2e6205ba-6a60-4a9f-a8aa-f8ee9950f294'::uuid, '79299b56-592e-4245-8474-421829c4c791'::uuid]),
       (32, '2a5bd86b-6a12-4ea3-89f6-b4858f37f290'::uuid, '5c96dbfe-d85d-4d69-bcda-23d0e87ccce0'::uuid,
        ARRAY ['2e6205ba-6a60-4a9f-a8aa-f8ee9950f294'::uuid, '08791e69-ee05-4e71-93a9-a804f938cd3c'::uuid]),
       (32, '2a5bd86b-6a12-4ea3-89f6-b4858f37f290'::uuid, '5c96dbfe-d85d-4d69-bcda-23d0e87ccce0'::uuid,
        ARRAY ['2e6205ba-6a60-4a9f-a8aa-f8ee9950f294'::uuid, 'ed900edb-f623-4f23-9355-5519755af207'::uuid]),
       (32, '2a5bd86b-6a12-4ea3-89f6-b4858f37f290'::uuid, '5c96dbfe-d85d-4d69-bcda-23d0e87ccce0'::uuid,
        ARRAY ['2e6205ba-6a60-4a9f-a8aa-f8ee9950f294'::uuid, '97153476-06d7-41af-87ac-ca6217db894e'::uuid]),
       (32, '2a5bd86b-6a12-4ea3-89f6-b4858f37f290'::uuid, '5c96dbfe-d85d-4d69-bcda-23d0e87ccce0'::uuid,
        ARRAY ['2e6205ba-6a60-4a9f-a8aa-f8ee9950f294'::uuid, 'f0572473-4a9c-4043-ad82-8d82a0f1c73b'::uuid]),
       (32, '2a5bd86b-6a12-4ea3-89f6-b4858f37f290'::uuid, '5c96dbfe-d85d-4d69-bcda-23d0e87ccce0'::uuid,
        ARRAY ['2e6205ba-6a60-4a9f-a8aa-f8ee9950f294'::uuid, '962214da-390f-4c82-9849-73c37677b1b0'::uuid]),
       (32, '2a5bd86b-6a12-4ea3-89f6-b4858f37f290'::uuid, '5c96dbfe-d85d-4d69-bcda-23d0e87ccce0'::uuid,
        ARRAY ['2e6205ba-6a60-4a9f-a8aa-f8ee9950f294'::uuid, 'd92ea038-60d7-4c51-bf43-d99095891ddc'::uuid]),
       (32, '2a5bd86b-6a12-4ea3-89f6-b4858f37f290'::uuid, '5c96dbfe-d85d-4d69-bcda-23d0e87ccce0'::uuid,
        ARRAY ['2e6205ba-6a60-4a9f-a8aa-f8ee9950f294'::uuid, '04363d65-53fc-4a6a-b801-402f1b3e88d6'::uuid]),
       (35, '2a5bd86b-6a12-4ea3-89f6-b4858f37f290'::uuid, '5c96dbfe-d85d-4d69-bcda-23d0e87ccce0'::uuid,
        ARRAY ['5a997fdf-a766-47b1-a561-acc7470417b8'::uuid, 'a8064141-8df4-4823-9a11-21e47bd1dc89'::uuid]),
       (35, '2a5bd86b-6a12-4ea3-89f6-b4858f37f290'::uuid, '5c96dbfe-d85d-4d69-bcda-23d0e87ccce0'::uuid,
        ARRAY ['5a997fdf-a766-47b1-a561-acc7470417b8'::uuid, '8f9c4bd7-29d2-458f-a351-c01bda602ab3'::uuid]),
       (35, '2a5bd86b-6a12-4ea3-89f6-b4858f37f290'::uuid, '5c96dbfe-d85d-4d69-bcda-23d0e87ccce0'::uuid,
        ARRAY ['5a997fdf-a766-47b1-a561-acc7470417b8'::uuid, '7ae14a24-c21f-4ccd-80e4-029a30366ca1'::uuid]),
       (35, '2a5bd86b-6a12-4ea3-89f6-b4858f37f290'::uuid, '5c96dbfe-d85d-4d69-bcda-23d0e87ccce0'::uuid,
        ARRAY ['5a997fdf-a766-47b1-a561-acc7470417b8'::uuid, 'f6819611-77b1-4e2d-aff5-b08f88fef8b0'::uuid]),
       (35, '2a5bd86b-6a12-4ea3-89f6-b4858f37f290'::uuid, '5c96dbfe-d85d-4d69-bcda-23d0e87ccce0'::uuid,
        ARRAY ['5a997fdf-a766-47b1-a561-acc7470417b8'::uuid, '79299b56-592e-4245-8474-421829c4c791'::uuid]),
       (35, '2a5bd86b-6a12-4ea3-89f6-b4858f37f290'::uuid, '5c96dbfe-d85d-4d69-bcda-23d0e87ccce0'::uuid,
        ARRAY ['5a997fdf-a766-47b1-a561-acc7470417b8'::uuid, '08791e69-ee05-4e71-93a9-a804f938cd3c'::uuid]),
       (35, '2a5bd86b-6a12-4ea3-89f6-b4858f37f290'::uuid, '5c96dbfe-d85d-4d69-bcda-23d0e87ccce0'::uuid,
        ARRAY ['5a997fdf-a766-47b1-a561-acc7470417b8'::uuid, 'ed900edb-f623-4f23-9355-5519755af207'::uuid]),
       (35, '2a5bd86b-6a12-4ea3-89f6-b4858f37f290'::uuid, '5c96dbfe-d85d-4d69-bcda-23d0e87ccce0'::uuid,
        ARRAY ['5a997fdf-a766-47b1-a561-acc7470417b8'::uuid, '97153476-06d7-41af-87ac-ca6217db894e'::uuid]),
       (35, '2a5bd86b-6a12-4ea3-89f6-b4858f37f290'::uuid, '5c96dbfe-d85d-4d69-bcda-23d0e87ccce0'::uuid,
        ARRAY ['5a997fdf-a766-47b1-a561-acc7470417b8'::uuid, 'f0572473-4a9c-4043-ad82-8d82a0f1c73b'::uuid]),
       (35, '2a5bd86b-6a12-4ea3-89f6-b4858f37f290'::uuid, '5c96dbfe-d85d-4d69-bcda-23d0e87ccce0'::uuid,
        ARRAY ['5a997fdf-a766-47b1-a561-acc7470417b8'::uuid, '962214da-390f-4c82-9849-73c37677b1b0'::uuid]),
       (35, '2a5bd86b-6a12-4ea3-89f6-b4858f37f290'::uuid, '5c96dbfe-d85d-4d69-bcda-23d0e87ccce0'::uuid,
        ARRAY ['5a997fdf-a766-47b1-a561-acc7470417b8'::uuid, 'd92ea038-60d7-4c51-bf43-d99095891ddc'::uuid]),
       (35, '2a5bd86b-6a12-4ea3-89f6-b4858f37f290'::uuid, '5c96dbfe-d85d-4d69-bcda-23d0e87ccce0'::uuid,
        ARRAY ['5a997fdf-a766-47b1-a561-acc7470417b8'::uuid, '04363d65-53fc-4a6a-b801-402f1b3e88d6'::uuid]),
       (45, '2a5bd86b-6a12-4ea3-89f6-b4858f37f290'::uuid, '5c96dbfe-d85d-4d69-bcda-23d0e87ccce0'::uuid,
        ARRAY ['5be0f150-b588-43dc-9b73-ce0f00b64d3b'::uuid, 'a8064141-8df4-4823-9a11-21e47bd1dc89'::uuid]),
       (45, '2a5bd86b-6a12-4ea3-89f6-b4858f37f290'::uuid, '5c96dbfe-d85d-4d69-bcda-23d0e87ccce0'::uuid,
        ARRAY ['5be0f150-b588-43dc-9b73-ce0f00b64d3b'::uuid, '8f9c4bd7-29d2-458f-a351-c01bda602ab3'::uuid]),
       (45, '2a5bd86b-6a12-4ea3-89f6-b4858f37f290'::uuid, '5c96dbfe-d85d-4d69-bcda-23d0e87ccce0'::uuid,
        ARRAY ['5be0f150-b588-43dc-9b73-ce0f00b64d3b'::uuid, '7ae14a24-c21f-4ccd-80e4-029a30366ca1'::uuid]),
       (45, '2a5bd86b-6a12-4ea3-89f6-b4858f37f290'::uuid, '5c96dbfe-d85d-4d69-bcda-23d0e87ccce0'::uuid,
        ARRAY ['5be0f150-b588-43dc-9b73-ce0f00b64d3b'::uuid, 'f6819611-77b1-4e2d-aff5-b08f88fef8b0'::uuid]),
       (45, '2a5bd86b-6a12-4ea3-89f6-b4858f37f290'::uuid, '5c96dbfe-d85d-4d69-bcda-23d0e87ccce0'::uuid,
        ARRAY ['5be0f150-b588-43dc-9b73-ce0f00b64d3b'::uuid, '79299b56-592e-4245-8474-421829c4c791'::uuid]),
       (45, '2a5bd86b-6a12-4ea3-89f6-b4858f37f290'::uuid, '5c96dbfe-d85d-4d69-bcda-23d0e87ccce0'::uuid,
        ARRAY ['5be0f150-b588-43dc-9b73-ce0f00b64d3b'::uuid, '08791e69-ee05-4e71-93a9-a804f938cd3c'::uuid]),
       (45, '2a5bd86b-6a12-4ea3-89f6-b4858f37f290'::uuid, '5c96dbfe-d85d-4d69-bcda-23d0e87ccce0'::uuid,
        ARRAY ['5be0f150-b588-43dc-9b73-ce0f00b64d3b'::uuid, 'ed900edb-f623-4f23-9355-5519755af207'::uuid]),
       (45, '2a5bd86b-6a12-4ea3-89f6-b4858f37f290'::uuid, '5c96dbfe-d85d-4d69-bcda-23d0e87ccce0'::uuid,
        ARRAY ['5be0f150-b588-43dc-9b73-ce0f00b64d3b'::uuid, '97153476-06d7-41af-87ac-ca6217db894e'::uuid]),
       (45, '2a5bd86b-6a12-4ea3-89f6-b4858f37f290'::uuid, '5c96dbfe-d85d-4d69-bcda-23d0e87ccce0'::uuid,
        ARRAY ['5be0f150-b588-43dc-9b73-ce0f00b64d3b'::uuid, 'f0572473-4a9c-4043-ad82-8d82a0f1c73b'::uuid]),
       (45, '2a5bd86b-6a12-4ea3-89f6-b4858f37f290'::uuid, '5c96dbfe-d85d-4d69-bcda-23d0e87ccce0'::uuid,
        ARRAY ['5be0f150-b588-43dc-9b73-ce0f00b64d3b'::uuid, '962214da-390f-4c82-9849-73c37677b1b0'::uuid]),
       (45, '2a5bd86b-6a12-4ea3-89f6-b4858f37f290'::uuid, '5c96dbfe-d85d-4d69-bcda-23d0e87ccce0'::uuid,
        ARRAY ['5be0f150-b588-43dc-9b73-ce0f00b64d3b'::uuid, 'd92ea038-60d7-4c51-bf43-d99095891ddc'::uuid]),
       (45, '2a5bd86b-6a12-4ea3-89f6-b4858f37f290'::uuid, '5c96dbfe-d85d-4d69-bcda-23d0e87ccce0'::uuid,
        ARRAY ['5be0f150-b588-43dc-9b73-ce0f00b64d3b'::uuid, '04363d65-53fc-4a6a-b801-402f1b3e88d6'::uuid]),
       (52, '2a5bd86b-6a12-4ea3-89f6-b4858f37f290'::uuid, '5c96dbfe-d85d-4d69-bcda-23d0e87ccce0'::uuid,
        ARRAY ['8a51b13c-3ba0-462f-88c9-b1ff74924fd5'::uuid, 'a8064141-8df4-4823-9a11-21e47bd1dc89'::uuid]),
       (52, '2a5bd86b-6a12-4ea3-89f6-b4858f37f290'::uuid, '5c96dbfe-d85d-4d69-bcda-23d0e87ccce0'::uuid,
        ARRAY ['8a51b13c-3ba0-462f-88c9-b1ff74924fd5'::uuid, '8f9c4bd7-29d2-458f-a351-c01bda602ab3'::uuid]),
       (52, '2a5bd86b-6a12-4ea3-89f6-b4858f37f290'::uuid, '5c96dbfe-d85d-4d69-bcda-23d0e87ccce0'::uuid,
        ARRAY ['8a51b13c-3ba0-462f-88c9-b1ff74924fd5'::uuid, '7ae14a24-c21f-4ccd-80e4-029a30366ca1'::uuid]),
       (52, '2a5bd86b-6a12-4ea3-89f6-b4858f37f290'::uuid, '5c96dbfe-d85d-4d69-bcda-23d0e87ccce0'::uuid,
        ARRAY ['8a51b13c-3ba0-462f-88c9-b1ff74924fd5'::uuid, 'f6819611-77b1-4e2d-aff5-b08f88fef8b0'::uuid]),
       (52, '2a5bd86b-6a12-4ea3-89f6-b4858f37f290'::uuid, '5c96dbfe-d85d-4d69-bcda-23d0e87ccce0'::uuid,
        ARRAY ['8a51b13c-3ba0-462f-88c9-b1ff74924fd5'::uuid, '79299b56-592e-4245-8474-421829c4c791'::uuid]),
       (52, '2a5bd86b-6a12-4ea3-89f6-b4858f37f290'::uuid, '5c96dbfe-d85d-4d69-bcda-23d0e87ccce0'::uuid,
        ARRAY ['8a51b13c-3ba0-462f-88c9-b1ff74924fd5'::uuid, '08791e69-ee05-4e71-93a9-a804f938cd3c'::uuid]),
       (52, '2a5bd86b-6a12-4ea3-89f6-b4858f37f290'::uuid, '5c96dbfe-d85d-4d69-bcda-23d0e87ccce0'::uuid,
        ARRAY ['8a51b13c-3ba0-462f-88c9-b1ff74924fd5'::uuid, 'ed900edb-f623-4f23-9355-5519755af207'::uuid]),
       (52, '2a5bd86b-6a12-4ea3-89f6-b4858f37f290'::uuid, '5c96dbfe-d85d-4d69-bcda-23d0e87ccce0'::uuid,
        ARRAY ['8a51b13c-3ba0-462f-88c9-b1ff74924fd5'::uuid, '97153476-06d7-41af-87ac-ca6217db894e'::uuid]),
       (52, '2a5bd86b-6a12-4ea3-89f6-b4858f37f290'::uuid, '5c96dbfe-d85d-4d69-bcda-23d0e87ccce0'::uuid,
        ARRAY ['8a51b13c-3ba0-462f-88c9-b1ff74924fd5'::uuid, 'f0572473-4a9c-4043-ad82-8d82a0f1c73b'::uuid]),
       (52, '2a5bd86b-6a12-4ea3-89f6-b4858f37f290'::uuid, '5c96dbfe-d85d-4d69-bcda-23d0e87ccce0'::uuid,
        ARRAY ['8a51b13c-3ba0-462f-88c9-b1ff74924fd5'::uuid, '962214da-390f-4c82-9849-73c37677b1b0'::uuid]),
       (52, '2a5bd86b-6a12-4ea3-89f6-b4858f37f290'::uuid, '5c96dbfe-d85d-4d69-bcda-23d0e87ccce0'::uuid,
        ARRAY ['8a51b13c-3ba0-462f-88c9-b1ff74924fd5'::uuid, 'd92ea038-60d7-4c51-bf43-d99095891ddc'::uuid]),
       (52, '2a5bd86b-6a12-4ea3-89f6-b4858f37f290'::uuid, '5c96dbfe-d85d-4d69-bcda-23d0e87ccce0'::uuid,
        ARRAY ['8a51b13c-3ba0-462f-88c9-b1ff74924fd5'::uuid, '04363d65-53fc-4a6a-b801-402f1b3e88d6'::uuid]),
       (58, '2a5bd86b-6a12-4ea3-89f6-b4858f37f290'::uuid, '5c96dbfe-d85d-4d69-bcda-23d0e87ccce0'::uuid,
        ARRAY ['62f30bd5-b568-44bc-8436-535281827265'::uuid, 'a8064141-8df4-4823-9a11-21e47bd1dc89'::uuid]),
       (58, '2a5bd86b-6a12-4ea3-89f6-b4858f37f290'::uuid, '5c96dbfe-d85d-4d69-bcda-23d0e87ccce0'::uuid,
        ARRAY ['62f30bd5-b568-44bc-8436-535281827265'::uuid, '8f9c4bd7-29d2-458f-a351-c01bda602ab3'::uuid]),
       (58, '2a5bd86b-6a12-4ea3-89f6-b4858f37f290'::uuid, '5c96dbfe-d85d-4d69-bcda-23d0e87ccce0'::uuid,
        ARRAY ['62f30bd5-b568-44bc-8436-535281827265'::uuid, '7ae14a24-c21f-4ccd-80e4-029a30366ca1'::uuid]),
       (58, '2a5bd86b-6a12-4ea3-89f6-b4858f37f290'::uuid, '5c96dbfe-d85d-4d69-bcda-23d0e87ccce0'::uuid,
        ARRAY ['62f30bd5-b568-44bc-8436-535281827265'::uuid, 'f6819611-77b1-4e2d-aff5-b08f88fef8b0'::uuid]),
       (58, '2a5bd86b-6a12-4ea3-89f6-b4858f37f290'::uuid, '5c96dbfe-d85d-4d69-bcda-23d0e87ccce0'::uuid,
        ARRAY ['62f30bd5-b568-44bc-8436-535281827265'::uuid, '79299b56-592e-4245-8474-421829c4c791'::uuid]),
       (58, '2a5bd86b-6a12-4ea3-89f6-b4858f37f290'::uuid, '5c96dbfe-d85d-4d69-bcda-23d0e87ccce0'::uuid,
        ARRAY ['62f30bd5-b568-44bc-8436-535281827265'::uuid, '08791e69-ee05-4e71-93a9-a804f938cd3c'::uuid]),
       (58, '2a5bd86b-6a12-4ea3-89f6-b4858f37f290'::uuid, '5c96dbfe-d85d-4d69-bcda-23d0e87ccce0'::uuid,
        ARRAY ['62f30bd5-b568-44bc-8436-535281827265'::uuid, 'ed900edb-f623-4f23-9355-5519755af207'::uuid]),
       (58, '2a5bd86b-6a12-4ea3-89f6-b4858f37f290'::uuid, '5c96dbfe-d85d-4d69-bcda-23d0e87ccce0'::uuid,
        ARRAY ['62f30bd5-b568-44bc-8436-535281827265'::uuid, '97153476-06d7-41af-87ac-ca6217db894e'::uuid]),
       (58, '2a5bd86b-6a12-4ea3-89f6-b4858f37f290'::uuid, '5c96dbfe-d85d-4d69-bcda-23d0e87ccce0'::uuid,
        ARRAY ['62f30bd5-b568-44bc-8436-535281827265'::uuid, 'f0572473-4a9c-4043-ad82-8d82a0f1c73b'::uuid]),
       (58, '2a5bd86b-6a12-4ea3-89f6-b4858f37f290'::uuid, '5c96dbfe-d85d-4d69-bcda-23d0e87ccce0'::uuid,
        ARRAY ['62f30bd5-b568-44bc-8436-535281827265'::uuid, '962214da-390f-4c82-9849-73c37677b1b0'::uuid]),
       (58, '2a5bd86b-6a12-4ea3-89f6-b4858f37f290'::uuid, '5c96dbfe-d85d-4d69-bcda-23d0e87ccce0'::uuid,
        ARRAY ['62f30bd5-b568-44bc-8436-535281827265'::uuid, 'd92ea038-60d7-4c51-bf43-d99095891ddc'::uuid]),
       (58, '2a5bd86b-6a12-4ea3-89f6-b4858f37f290'::uuid, '5c96dbfe-d85d-4d69-bcda-23d0e87ccce0'::uuid,
        ARRAY ['62f30bd5-b568-44bc-8436-535281827265'::uuid, '04363d65-53fc-4a6a-b801-402f1b3e88d6'::uuid]),
       (67, '2a5bd86b-6a12-4ea3-89f6-b4858f37f290'::uuid, '5c96dbfe-d85d-4d69-bcda-23d0e87ccce0'::uuid,
        ARRAY ['bfea9d7c-cadf-4053-94d6-1191d18a231b'::uuid, 'a8064141-8df4-4823-9a11-21e47bd1dc89'::uuid]),
       (67, '2a5bd86b-6a12-4ea3-89f6-b4858f37f290'::uuid, '5c96dbfe-d85d-4d69-bcda-23d0e87ccce0'::uuid,
        ARRAY ['bfea9d7c-cadf-4053-94d6-1191d18a231b'::uuid, '8f9c4bd7-29d2-458f-a351-c01bda602ab3'::uuid]),
       (67, '2a5bd86b-6a12-4ea3-89f6-b4858f37f290'::uuid, '5c96dbfe-d85d-4d69-bcda-23d0e87ccce0'::uuid,
        ARRAY ['bfea9d7c-cadf-4053-94d6-1191d18a231b'::uuid, '7ae14a24-c21f-4ccd-80e4-029a30366ca1'::uuid]),
       (67, '2a5bd86b-6a12-4ea3-89f6-b4858f37f290'::uuid, '5c96dbfe-d85d-4d69-bcda-23d0e87ccce0'::uuid,
        ARRAY ['bfea9d7c-cadf-4053-94d6-1191d18a231b'::uuid, 'f6819611-77b1-4e2d-aff5-b08f88fef8b0'::uuid]),
       (67, '2a5bd86b-6a12-4ea3-89f6-b4858f37f290'::uuid, '5c96dbfe-d85d-4d69-bcda-23d0e87ccce0'::uuid,
        ARRAY ['bfea9d7c-cadf-4053-94d6-1191d18a231b'::uuid, '79299b56-592e-4245-8474-421829c4c791'::uuid]),
       (67, '2a5bd86b-6a12-4ea3-89f6-b4858f37f290'::uuid, '5c96dbfe-d85d-4d69-bcda-23d0e87ccce0'::uuid,
        ARRAY ['bfea9d7c-cadf-4053-94d6-1191d18a231b'::uuid, '08791e69-ee05-4e71-93a9-a804f938cd3c'::uuid]),
       (67, '2a5bd86b-6a12-4ea3-89f6-b4858f37f290'::uuid, '5c96dbfe-d85d-4d69-bcda-23d0e87ccce0'::uuid,
        ARRAY ['bfea9d7c-cadf-4053-94d6-1191d18a231b'::uuid, 'ed900edb-f623-4f23-9355-5519755af207'::uuid]),
       (67, '2a5bd86b-6a12-4ea3-89f6-b4858f37f290'::uuid, '5c96dbfe-d85d-4d69-bcda-23d0e87ccce0'::uuid,
        ARRAY ['bfea9d7c-cadf-4053-94d6-1191d18a231b'::uuid, '97153476-06d7-41af-87ac-ca6217db894e'::uuid]),
       (67, '2a5bd86b-6a12-4ea3-89f6-b4858f37f290'::uuid, '5c96dbfe-d85d-4d69-bcda-23d0e87ccce0'::uuid,
        ARRAY ['bfea9d7c-cadf-4053-94d6-1191d18a231b'::uuid, 'f0572473-4a9c-4043-ad82-8d82a0f1c73b'::uuid]),
       (67, '2a5bd86b-6a12-4ea3-89f6-b4858f37f290'::uuid, '5c96dbfe-d85d-4d69-bcda-23d0e87ccce0'::uuid,
        ARRAY ['bfea9d7c-cadf-4053-94d6-1191d18a231b'::uuid, '962214da-390f-4c82-9849-73c37677b1b0'::uuid]),
       (67, '2a5bd86b-6a12-4ea3-89f6-b4858f37f290'::uuid, '5c96dbfe-d85d-4d69-bcda-23d0e87ccce0'::uuid,
        ARRAY ['bfea9d7c-cadf-4053-94d6-1191d18a231b'::uuid, 'd92ea038-60d7-4c51-bf43-d99095891ddc'::uuid]),
       (67, '2a5bd86b-6a12-4ea3-89f6-b4858f37f290'::uuid, '5c96dbfe-d85d-4d69-bcda-23d0e87ccce0'::uuid,
        ARRAY ['bfea9d7c-cadf-4053-94d6-1191d18a231b'::uuid, '04363d65-53fc-4a6a-b801-402f1b3e88d6'::uuid]),
       (35, '2a5bd86b-6a12-4ea3-89f6-b4858f37f290'::uuid, '97e4f9bc-50d4-4fbf-8ed9-732671a4c36e'::uuid,
        ARRAY ['2e6205ba-6a60-4a9f-a8aa-f8ee9950f294'::uuid, 'c3bfe3b2-4cc6-4a7c-942a-2450db6d237c'::uuid]),
       (35, '2a5bd86b-6a12-4ea3-89f6-b4858f37f290'::uuid, '97e4f9bc-50d4-4fbf-8ed9-732671a4c36e'::uuid,
        ARRAY ['2e6205ba-6a60-4a9f-a8aa-f8ee9950f294'::uuid, 'e44751e2-b283-4186-a894-d540373b0cb2'::uuid]),
       (35, '2a5bd86b-6a12-4ea3-89f6-b4858f37f290'::uuid, '97e4f9bc-50d4-4fbf-8ed9-732671a4c36e'::uuid,
        ARRAY ['2e6205ba-6a60-4a9f-a8aa-f8ee9950f294'::uuid, '9e8764a2-7202-47bd-ac1a-41e4302cd91b'::uuid]),
       (35, '2a5bd86b-6a12-4ea3-89f6-b4858f37f290'::uuid, '97e4f9bc-50d4-4fbf-8ed9-732671a4c36e'::uuid,
        ARRAY ['2e6205ba-6a60-4a9f-a8aa-f8ee9950f294'::uuid, '1b953d97-0a1d-4f29-98b5-166773e7ed01'::uuid]),
       (35, '2a5bd86b-6a12-4ea3-89f6-b4858f37f290'::uuid, '97e4f9bc-50d4-4fbf-8ed9-732671a4c36e'::uuid,
        ARRAY ['2e6205ba-6a60-4a9f-a8aa-f8ee9950f294'::uuid, '4cfa3585-82ba-4813-b639-7b8afdc867f5'::uuid]),
       (35, '2a5bd86b-6a12-4ea3-89f6-b4858f37f290'::uuid, '97e4f9bc-50d4-4fbf-8ed9-732671a4c36e'::uuid,
        ARRAY ['2e6205ba-6a60-4a9f-a8aa-f8ee9950f294'::uuid, 'debbce28-368b-4dc1-b845-ca4241f7e22d'::uuid]),
       (35, '2a5bd86b-6a12-4ea3-89f6-b4858f37f290'::uuid, '97e4f9bc-50d4-4fbf-8ed9-732671a4c36e'::uuid,
        ARRAY ['2e6205ba-6a60-4a9f-a8aa-f8ee9950f294'::uuid, 'bdc121d7-bb31-403f-9ae6-6bfda972b9bc'::uuid]),
       (35, '2a5bd86b-6a12-4ea3-89f6-b4858f37f290'::uuid, '97e4f9bc-50d4-4fbf-8ed9-732671a4c36e'::uuid,
        ARRAY ['2e6205ba-6a60-4a9f-a8aa-f8ee9950f294'::uuid, '81a4437a-25f1-4a43-8963-8bd0cca97528'::uuid]),
       (35, '2a5bd86b-6a12-4ea3-89f6-b4858f37f290'::uuid, '97e4f9bc-50d4-4fbf-8ed9-732671a4c36e'::uuid,
        ARRAY ['2e6205ba-6a60-4a9f-a8aa-f8ee9950f294'::uuid, 'b831aacc-2600-4318-bc17-0cf8b5272c4c'::uuid]),
       (35, '2a5bd86b-6a12-4ea3-89f6-b4858f37f290'::uuid, '97e4f9bc-50d4-4fbf-8ed9-732671a4c36e'::uuid,
        ARRAY ['2e6205ba-6a60-4a9f-a8aa-f8ee9950f294'::uuid, '25e715c4-7397-46f2-9ca1-2fafa5a4010c'::uuid]),
       (35, '2a5bd86b-6a12-4ea3-89f6-b4858f37f290'::uuid, '97e4f9bc-50d4-4fbf-8ed9-732671a4c36e'::uuid,
        ARRAY ['2e6205ba-6a60-4a9f-a8aa-f8ee9950f294'::uuid, '6d404ddb-7ff4-4635-82f9-dd60428f909d'::uuid]),
       (35, '2a5bd86b-6a12-4ea3-89f6-b4858f37f290'::uuid, '97e4f9bc-50d4-4fbf-8ed9-732671a4c36e'::uuid,
        ARRAY ['2e6205ba-6a60-4a9f-a8aa-f8ee9950f294'::uuid, 'da84df49-20a9-4c20-bff4-6c7ee5883fbe'::uuid]),
       (35, '2a5bd86b-6a12-4ea3-89f6-b4858f37f290'::uuid, '97e4f9bc-50d4-4fbf-8ed9-732671a4c36e'::uuid,
        ARRAY ['2e6205ba-6a60-4a9f-a8aa-f8ee9950f294'::uuid, '7d78b616-d059-4635-bf47-00ff9c80775f'::uuid]),
       (35, '2a5bd86b-6a12-4ea3-89f6-b4858f37f290'::uuid, '97e4f9bc-50d4-4fbf-8ed9-732671a4c36e'::uuid,
        ARRAY ['2e6205ba-6a60-4a9f-a8aa-f8ee9950f294'::uuid, '3ab0af55-8381-4139-9754-749b0fcd03f6'::uuid]),
       (35, '2a5bd86b-6a12-4ea3-89f6-b4858f37f290'::uuid, '97e4f9bc-50d4-4fbf-8ed9-732671a4c36e'::uuid,
        ARRAY ['2e6205ba-6a60-4a9f-a8aa-f8ee9950f294'::uuid, 'd97e7129-204b-48e4-81da-78b42516d94e'::uuid]),
       (40, '2a5bd86b-6a12-4ea3-89f6-b4858f37f290'::uuid, '97e4f9bc-50d4-4fbf-8ed9-732671a4c36e'::uuid,
        ARRAY ['5a997fdf-a766-47b1-a561-acc7470417b8'::uuid, 'c3bfe3b2-4cc6-4a7c-942a-2450db6d237c'::uuid]),
       (40, '2a5bd86b-6a12-4ea3-89f6-b4858f37f290'::uuid, '97e4f9bc-50d4-4fbf-8ed9-732671a4c36e'::uuid,
        ARRAY ['5a997fdf-a766-47b1-a561-acc7470417b8'::uuid, 'e44751e2-b283-4186-a894-d540373b0cb2'::uuid]),
       (40, '2a5bd86b-6a12-4ea3-89f6-b4858f37f290'::uuid, '97e4f9bc-50d4-4fbf-8ed9-732671a4c36e'::uuid,
        ARRAY ['5a997fdf-a766-47b1-a561-acc7470417b8'::uuid, '9e8764a2-7202-47bd-ac1a-41e4302cd91b'::uuid]),
       (40, '2a5bd86b-6a12-4ea3-89f6-b4858f37f290'::uuid, '97e4f9bc-50d4-4fbf-8ed9-732671a4c36e'::uuid,
        ARRAY ['5a997fdf-a766-47b1-a561-acc7470417b8'::uuid, '1b953d97-0a1d-4f29-98b5-166773e7ed01'::uuid]),
       (40, '2a5bd86b-6a12-4ea3-89f6-b4858f37f290'::uuid, '97e4f9bc-50d4-4fbf-8ed9-732671a4c36e'::uuid,
        ARRAY ['5a997fdf-a766-47b1-a561-acc7470417b8'::uuid, '4cfa3585-82ba-4813-b639-7b8afdc867f5'::uuid]),
       (40, '2a5bd86b-6a12-4ea3-89f6-b4858f37f290'::uuid, '97e4f9bc-50d4-4fbf-8ed9-732671a4c36e'::uuid,
        ARRAY ['5a997fdf-a766-47b1-a561-acc7470417b8'::uuid, 'debbce28-368b-4dc1-b845-ca4241f7e22d'::uuid]),
       (40, '2a5bd86b-6a12-4ea3-89f6-b4858f37f290'::uuid, '97e4f9bc-50d4-4fbf-8ed9-732671a4c36e'::uuid,
        ARRAY ['5a997fdf-a766-47b1-a561-acc7470417b8'::uuid, 'bdc121d7-bb31-403f-9ae6-6bfda972b9bc'::uuid]),
       (40, '2a5bd86b-6a12-4ea3-89f6-b4858f37f290'::uuid, '97e4f9bc-50d4-4fbf-8ed9-732671a4c36e'::uuid,
        ARRAY ['5a997fdf-a766-47b1-a561-acc7470417b8'::uuid, '81a4437a-25f1-4a43-8963-8bd0cca97528'::uuid]),
       (40, '2a5bd86b-6a12-4ea3-89f6-b4858f37f290'::uuid, '97e4f9bc-50d4-4fbf-8ed9-732671a4c36e'::uuid,
        ARRAY ['5a997fdf-a766-47b1-a561-acc7470417b8'::uuid, 'b831aacc-2600-4318-bc17-0cf8b5272c4c'::uuid]),
       (40, '2a5bd86b-6a12-4ea3-89f6-b4858f37f290'::uuid, '97e4f9bc-50d4-4fbf-8ed9-732671a4c36e'::uuid,
        ARRAY ['5a997fdf-a766-47b1-a561-acc7470417b8'::uuid, '25e715c4-7397-46f2-9ca1-2fafa5a4010c'::uuid]),
       (40, '2a5bd86b-6a12-4ea3-89f6-b4858f37f290'::uuid, '97e4f9bc-50d4-4fbf-8ed9-732671a4c36e'::uuid,
        ARRAY ['5a997fdf-a766-47b1-a561-acc7470417b8'::uuid, '6d404ddb-7ff4-4635-82f9-dd60428f909d'::uuid]),
       (40, '2a5bd86b-6a12-4ea3-89f6-b4858f37f290'::uuid, '97e4f9bc-50d4-4fbf-8ed9-732671a4c36e'::uuid,
        ARRAY ['5a997fdf-a766-47b1-a561-acc7470417b8'::uuid, 'da84df49-20a9-4c20-bff4-6c7ee5883fbe'::uuid]),
       (40, '2a5bd86b-6a12-4ea3-89f6-b4858f37f290'::uuid, '97e4f9bc-50d4-4fbf-8ed9-732671a4c36e'::uuid,
        ARRAY ['5a997fdf-a766-47b1-a561-acc7470417b8'::uuid, '7d78b616-d059-4635-bf47-00ff9c80775f'::uuid]),
       (40, '2a5bd86b-6a12-4ea3-89f6-b4858f37f290'::uuid, '97e4f9bc-50d4-4fbf-8ed9-732671a4c36e'::uuid,
        ARRAY ['5a997fdf-a766-47b1-a561-acc7470417b8'::uuid, '3ab0af55-8381-4139-9754-749b0fcd03f6'::uuid]),
       (40, '2a5bd86b-6a12-4ea3-89f6-b4858f37f290'::uuid, '97e4f9bc-50d4-4fbf-8ed9-732671a4c36e'::uuid,
        ARRAY ['5a997fdf-a766-47b1-a561-acc7470417b8'::uuid, 'd97e7129-204b-48e4-81da-78b42516d94e'::uuid]),
       (48, '2a5bd86b-6a12-4ea3-89f6-b4858f37f290'::uuid, '97e4f9bc-50d4-4fbf-8ed9-732671a4c36e'::uuid,
        ARRAY ['5be0f150-b588-43dc-9b73-ce0f00b64d3b'::uuid, 'c3bfe3b2-4cc6-4a7c-942a-2450db6d237c'::uuid]),
       (48, '2a5bd86b-6a12-4ea3-89f6-b4858f37f290'::uuid, '97e4f9bc-50d4-4fbf-8ed9-732671a4c36e'::uuid,
        ARRAY ['5be0f150-b588-43dc-9b73-ce0f00b64d3b'::uuid, 'e44751e2-b283-4186-a894-d540373b0cb2'::uuid]),
       (48, '2a5bd86b-6a12-4ea3-89f6-b4858f37f290'::uuid, '97e4f9bc-50d4-4fbf-8ed9-732671a4c36e'::uuid,
        ARRAY ['5be0f150-b588-43dc-9b73-ce0f00b64d3b'::uuid, '9e8764a2-7202-47bd-ac1a-41e4302cd91b'::uuid]),
       (48, '2a5bd86b-6a12-4ea3-89f6-b4858f37f290'::uuid, '97e4f9bc-50d4-4fbf-8ed9-732671a4c36e'::uuid,
        ARRAY ['5be0f150-b588-43dc-9b73-ce0f00b64d3b'::uuid, '1b953d97-0a1d-4f29-98b5-166773e7ed01'::uuid]),
       (48, '2a5bd86b-6a12-4ea3-89f6-b4858f37f290'::uuid, '97e4f9bc-50d4-4fbf-8ed9-732671a4c36e'::uuid,
        ARRAY ['5be0f150-b588-43dc-9b73-ce0f00b64d3b'::uuid, '4cfa3585-82ba-4813-b639-7b8afdc867f5'::uuid]),
       (48, '2a5bd86b-6a12-4ea3-89f6-b4858f37f290'::uuid, '97e4f9bc-50d4-4fbf-8ed9-732671a4c36e'::uuid,
        ARRAY ['5be0f150-b588-43dc-9b73-ce0f00b64d3b'::uuid, 'debbce28-368b-4dc1-b845-ca4241f7e22d'::uuid]),
       (48, '2a5bd86b-6a12-4ea3-89f6-b4858f37f290'::uuid, '97e4f9bc-50d4-4fbf-8ed9-732671a4c36e'::uuid,
        ARRAY ['5be0f150-b588-43dc-9b73-ce0f00b64d3b'::uuid, 'bdc121d7-bb31-403f-9ae6-6bfda972b9bc'::uuid]),
       (48, '2a5bd86b-6a12-4ea3-89f6-b4858f37f290'::uuid, '97e4f9bc-50d4-4fbf-8ed9-732671a4c36e'::uuid,
        ARRAY ['5be0f150-b588-43dc-9b73-ce0f00b64d3b'::uuid, '81a4437a-25f1-4a43-8963-8bd0cca97528'::uuid]),
       (48, '2a5bd86b-6a12-4ea3-89f6-b4858f37f290'::uuid, '97e4f9bc-50d4-4fbf-8ed9-732671a4c36e'::uuid,
        ARRAY ['5be0f150-b588-43dc-9b73-ce0f00b64d3b'::uuid, 'b831aacc-2600-4318-bc17-0cf8b5272c4c'::uuid]),
       (48, '2a5bd86b-6a12-4ea3-89f6-b4858f37f290'::uuid, '97e4f9bc-50d4-4fbf-8ed9-732671a4c36e'::uuid,
        ARRAY ['5be0f150-b588-43dc-9b73-ce0f00b64d3b'::uuid, '25e715c4-7397-46f2-9ca1-2fafa5a4010c'::uuid]),
       (48, '2a5bd86b-6a12-4ea3-89f6-b4858f37f290'::uuid, '97e4f9bc-50d4-4fbf-8ed9-732671a4c36e'::uuid,
        ARRAY ['5be0f150-b588-43dc-9b73-ce0f00b64d3b'::uuid, '6d404ddb-7ff4-4635-82f9-dd60428f909d'::uuid]),
       (48, '2a5bd86b-6a12-4ea3-89f6-b4858f37f290'::uuid, '97e4f9bc-50d4-4fbf-8ed9-732671a4c36e'::uuid,
        ARRAY ['5be0f150-b588-43dc-9b73-ce0f00b64d3b'::uuid, 'da84df49-20a9-4c20-bff4-6c7ee5883fbe'::uuid]),
       (48, '2a5bd86b-6a12-4ea3-89f6-b4858f37f290'::uuid, '97e4f9bc-50d4-4fbf-8ed9-732671a4c36e'::uuid,
        ARRAY ['5be0f150-b588-43dc-9b73-ce0f00b64d3b'::uuid, '7d78b616-d059-4635-bf47-00ff9c80775f'::uuid]),
       (48, '2a5bd86b-6a12-4ea3-89f6-b4858f37f290'::uuid, '97e4f9bc-50d4-4fbf-8ed9-732671a4c36e'::uuid,
        ARRAY ['5be0f150-b588-43dc-9b73-ce0f00b64d3b'::uuid, '3ab0af55-8381-4139-9754-749b0fcd03f6'::uuid]),
       (48, '2a5bd86b-6a12-4ea3-89f6-b4858f37f290'::uuid, '97e4f9bc-50d4-4fbf-8ed9-732671a4c36e'::uuid,
        ARRAY ['5be0f150-b588-43dc-9b73-ce0f00b64d3b'::uuid, 'd97e7129-204b-48e4-81da-78b42516d94e'::uuid]),
       (53, '2a5bd86b-6a12-4ea3-89f6-b4858f37f290'::uuid, '97e4f9bc-50d4-4fbf-8ed9-732671a4c36e'::uuid,
        ARRAY ['8a51b13c-3ba0-462f-88c9-b1ff74924fd5'::uuid, 'c3bfe3b2-4cc6-4a7c-942a-2450db6d237c'::uuid]),
       (53, '2a5bd86b-6a12-4ea3-89f6-b4858f37f290'::uuid, '97e4f9bc-50d4-4fbf-8ed9-732671a4c36e'::uuid,
        ARRAY ['8a51b13c-3ba0-462f-88c9-b1ff74924fd5'::uuid, 'e44751e2-b283-4186-a894-d540373b0cb2'::uuid]),
       (53, '2a5bd86b-6a12-4ea3-89f6-b4858f37f290'::uuid, '97e4f9bc-50d4-4fbf-8ed9-732671a4c36e'::uuid,
        ARRAY ['8a51b13c-3ba0-462f-88c9-b1ff74924fd5'::uuid, '9e8764a2-7202-47bd-ac1a-41e4302cd91b'::uuid]),
       (53, '2a5bd86b-6a12-4ea3-89f6-b4858f37f290'::uuid, '97e4f9bc-50d4-4fbf-8ed9-732671a4c36e'::uuid,
        ARRAY ['8a51b13c-3ba0-462f-88c9-b1ff74924fd5'::uuid, '1b953d97-0a1d-4f29-98b5-166773e7ed01'::uuid]),
       (53, '2a5bd86b-6a12-4ea3-89f6-b4858f37f290'::uuid, '97e4f9bc-50d4-4fbf-8ed9-732671a4c36e'::uuid,
        ARRAY ['8a51b13c-3ba0-462f-88c9-b1ff74924fd5'::uuid, '4cfa3585-82ba-4813-b639-7b8afdc867f5'::uuid]),
       (53, '2a5bd86b-6a12-4ea3-89f6-b4858f37f290'::uuid, '97e4f9bc-50d4-4fbf-8ed9-732671a4c36e'::uuid,
        ARRAY ['8a51b13c-3ba0-462f-88c9-b1ff74924fd5'::uuid, 'debbce28-368b-4dc1-b845-ca4241f7e22d'::uuid]),
       (53, '2a5bd86b-6a12-4ea3-89f6-b4858f37f290'::uuid, '97e4f9bc-50d4-4fbf-8ed9-732671a4c36e'::uuid,
        ARRAY ['8a51b13c-3ba0-462f-88c9-b1ff74924fd5'::uuid, 'bdc121d7-bb31-403f-9ae6-6bfda972b9bc'::uuid]),
       (53, '2a5bd86b-6a12-4ea3-89f6-b4858f37f290'::uuid, '97e4f9bc-50d4-4fbf-8ed9-732671a4c36e'::uuid,
        ARRAY ['8a51b13c-3ba0-462f-88c9-b1ff74924fd5'::uuid, '81a4437a-25f1-4a43-8963-8bd0cca97528'::uuid]),
       (53, '2a5bd86b-6a12-4ea3-89f6-b4858f37f290'::uuid, '97e4f9bc-50d4-4fbf-8ed9-732671a4c36e'::uuid,
        ARRAY ['8a51b13c-3ba0-462f-88c9-b1ff74924fd5'::uuid, 'b831aacc-2600-4318-bc17-0cf8b5272c4c'::uuid]),
       (53, '2a5bd86b-6a12-4ea3-89f6-b4858f37f290'::uuid, '97e4f9bc-50d4-4fbf-8ed9-732671a4c36e'::uuid,
        ARRAY ['8a51b13c-3ba0-462f-88c9-b1ff74924fd5'::uuid, '25e715c4-7397-46f2-9ca1-2fafa5a4010c'::uuid]),
       (53, '2a5bd86b-6a12-4ea3-89f6-b4858f37f290'::uuid, '97e4f9bc-50d4-4fbf-8ed9-732671a4c36e'::uuid,
        ARRAY ['8a51b13c-3ba0-462f-88c9-b1ff74924fd5'::uuid, '6d404ddb-7ff4-4635-82f9-dd60428f909d'::uuid]),
       (53, '2a5bd86b-6a12-4ea3-89f6-b4858f37f290'::uuid, '97e4f9bc-50d4-4fbf-8ed9-732671a4c36e'::uuid,
        ARRAY ['8a51b13c-3ba0-462f-88c9-b1ff74924fd5'::uuid, 'da84df49-20a9-4c20-bff4-6c7ee5883fbe'::uuid]),
       (53, '2a5bd86b-6a12-4ea3-89f6-b4858f37f290'::uuid, '97e4f9bc-50d4-4fbf-8ed9-732671a4c36e'::uuid,
        ARRAY ['8a51b13c-3ba0-462f-88c9-b1ff74924fd5'::uuid, '7d78b616-d059-4635-bf47-00ff9c80775f'::uuid]),
       (53, '2a5bd86b-6a12-4ea3-89f6-b4858f37f290'::uuid, '97e4f9bc-50d4-4fbf-8ed9-732671a4c36e'::uuid,
        ARRAY ['8a51b13c-3ba0-462f-88c9-b1ff74924fd5'::uuid, '3ab0af55-8381-4139-9754-749b0fcd03f6'::uuid]),
       (53, '2a5bd86b-6a12-4ea3-89f6-b4858f37f290'::uuid, '97e4f9bc-50d4-4fbf-8ed9-732671a4c36e'::uuid,
        ARRAY ['8a51b13c-3ba0-462f-88c9-b1ff74924fd5'::uuid, 'd97e7129-204b-48e4-81da-78b42516d94e'::uuid]),
       (62, '2a5bd86b-6a12-4ea3-89f6-b4858f37f290'::uuid, '97e4f9bc-50d4-4fbf-8ed9-732671a4c36e'::uuid,
        ARRAY ['62f30bd5-b568-44bc-8436-535281827265'::uuid, 'c3bfe3b2-4cc6-4a7c-942a-2450db6d237c'::uuid]),
       (62, '2a5bd86b-6a12-4ea3-89f6-b4858f37f290'::uuid, '97e4f9bc-50d4-4fbf-8ed9-732671a4c36e'::uuid,
        ARRAY ['62f30bd5-b568-44bc-8436-535281827265'::uuid, 'e44751e2-b283-4186-a894-d540373b0cb2'::uuid]),
       (62, '2a5bd86b-6a12-4ea3-89f6-b4858f37f290'::uuid, '97e4f9bc-50d4-4fbf-8ed9-732671a4c36e'::uuid,
        ARRAY ['62f30bd5-b568-44bc-8436-535281827265'::uuid, '9e8764a2-7202-47bd-ac1a-41e4302cd91b'::uuid]),
       (62, '2a5bd86b-6a12-4ea3-89f6-b4858f37f290'::uuid, '97e4f9bc-50d4-4fbf-8ed9-732671a4c36e'::uuid,
        ARRAY ['62f30bd5-b568-44bc-8436-535281827265'::uuid, '1b953d97-0a1d-4f29-98b5-166773e7ed01'::uuid]),
       (62, '2a5bd86b-6a12-4ea3-89f6-b4858f37f290'::uuid, '97e4f9bc-50d4-4fbf-8ed9-732671a4c36e'::uuid,
        ARRAY ['62f30bd5-b568-44bc-8436-535281827265'::uuid, '4cfa3585-82ba-4813-b639-7b8afdc867f5'::uuid]),
       (62, '2a5bd86b-6a12-4ea3-89f6-b4858f37f290'::uuid, '97e4f9bc-50d4-4fbf-8ed9-732671a4c36e'::uuid,
        ARRAY ['62f30bd5-b568-44bc-8436-535281827265'::uuid, 'debbce28-368b-4dc1-b845-ca4241f7e22d'::uuid]),
       (62, '2a5bd86b-6a12-4ea3-89f6-b4858f37f290'::uuid, '97e4f9bc-50d4-4fbf-8ed9-732671a4c36e'::uuid,
        ARRAY ['62f30bd5-b568-44bc-8436-535281827265'::uuid, 'bdc121d7-bb31-403f-9ae6-6bfda972b9bc'::uuid]),
       (62, '2a5bd86b-6a12-4ea3-89f6-b4858f37f290'::uuid, '97e4f9bc-50d4-4fbf-8ed9-732671a4c36e'::uuid,
        ARRAY ['62f30bd5-b568-44bc-8436-535281827265'::uuid, '81a4437a-25f1-4a43-8963-8bd0cca97528'::uuid]),
       (62, '2a5bd86b-6a12-4ea3-89f6-b4858f37f290'::uuid, '97e4f9bc-50d4-4fbf-8ed9-732671a4c36e'::uuid,
        ARRAY ['62f30bd5-b568-44bc-8436-535281827265'::uuid, 'b831aacc-2600-4318-bc17-0cf8b5272c4c'::uuid]),
       (62, '2a5bd86b-6a12-4ea3-89f6-b4858f37f290'::uuid, '97e4f9bc-50d4-4fbf-8ed9-732671a4c36e'::uuid,
        ARRAY ['62f30bd5-b568-44bc-8436-535281827265'::uuid, '25e715c4-7397-46f2-9ca1-2fafa5a4010c'::uuid]),
       (62, '2a5bd86b-6a12-4ea3-89f6-b4858f37f290'::uuid, '97e4f9bc-50d4-4fbf-8ed9-732671a4c36e'::uuid,
        ARRAY ['62f30bd5-b568-44bc-8436-535281827265'::uuid, '6d404ddb-7ff4-4635-82f9-dd60428f909d'::uuid]),
       (62, '2a5bd86b-6a12-4ea3-89f6-b4858f37f290'::uuid, '97e4f9bc-50d4-4fbf-8ed9-732671a4c36e'::uuid,
        ARRAY ['62f30bd5-b568-44bc-8436-535281827265'::uuid, 'da84df49-20a9-4c20-bff4-6c7ee5883fbe'::uuid]),
       (62, '2a5bd86b-6a12-4ea3-89f6-b4858f37f290'::uuid, '97e4f9bc-50d4-4fbf-8ed9-732671a4c36e'::uuid,
        ARRAY ['62f30bd5-b568-44bc-8436-535281827265'::uuid, '7d78b616-d059-4635-bf47-00ff9c80775f'::uuid]),
       (62, '2a5bd86b-6a12-4ea3-89f6-b4858f37f290'::uuid, '97e4f9bc-50d4-4fbf-8ed9-732671a4c36e'::uuid,
        ARRAY ['62f30bd5-b568-44bc-8436-535281827265'::uuid, '3ab0af55-8381-4139-9754-749b0fcd03f6'::uuid]),
       (62, '2a5bd86b-6a12-4ea3-89f6-b4858f37f290'::uuid, '97e4f9bc-50d4-4fbf-8ed9-732671a4c36e'::uuid,
        ARRAY ['62f30bd5-b568-44bc-8436-535281827265'::uuid, 'd97e7129-204b-48e4-81da-78b42516d94e'::uuid]),
       (72, '2a5bd86b-6a12-4ea3-89f6-b4858f37f290'::uuid, '97e4f9bc-50d4-4fbf-8ed9-732671a4c36e'::uuid,
        ARRAY ['bfea9d7c-cadf-4053-94d6-1191d18a231b'::uuid, 'c3bfe3b2-4cc6-4a7c-942a-2450db6d237c'::uuid]),
       (72, '2a5bd86b-6a12-4ea3-89f6-b4858f37f290'::uuid, '97e4f9bc-50d4-4fbf-8ed9-732671a4c36e'::uuid,
        ARRAY ['bfea9d7c-cadf-4053-94d6-1191d18a231b'::uuid, 'e44751e2-b283-4186-a894-d540373b0cb2'::uuid]),
       (72, '2a5bd86b-6a12-4ea3-89f6-b4858f37f290'::uuid, '97e4f9bc-50d4-4fbf-8ed9-732671a4c36e'::uuid,
        ARRAY ['bfea9d7c-cadf-4053-94d6-1191d18a231b'::uuid, '9e8764a2-7202-47bd-ac1a-41e4302cd91b'::uuid]),
       (72, '2a5bd86b-6a12-4ea3-89f6-b4858f37f290'::uuid, '97e4f9bc-50d4-4fbf-8ed9-732671a4c36e'::uuid,
        ARRAY ['bfea9d7c-cadf-4053-94d6-1191d18a231b'::uuid, '1b953d97-0a1d-4f29-98b5-166773e7ed01'::uuid]),
       (72, '2a5bd86b-6a12-4ea3-89f6-b4858f37f290'::uuid, '97e4f9bc-50d4-4fbf-8ed9-732671a4c36e'::uuid,
        ARRAY ['bfea9d7c-cadf-4053-94d6-1191d18a231b'::uuid, '4cfa3585-82ba-4813-b639-7b8afdc867f5'::uuid]),
       (72, '2a5bd86b-6a12-4ea3-89f6-b4858f37f290'::uuid, '97e4f9bc-50d4-4fbf-8ed9-732671a4c36e'::uuid,
        ARRAY ['bfea9d7c-cadf-4053-94d6-1191d18a231b'::uuid, 'debbce28-368b-4dc1-b845-ca4241f7e22d'::uuid]),
       (72, '2a5bd86b-6a12-4ea3-89f6-b4858f37f290'::uuid, '97e4f9bc-50d4-4fbf-8ed9-732671a4c36e'::uuid,
        ARRAY ['bfea9d7c-cadf-4053-94d6-1191d18a231b'::uuid, 'bdc121d7-bb31-403f-9ae6-6bfda972b9bc'::uuid]),
       (72, '2a5bd86b-6a12-4ea3-89f6-b4858f37f290'::uuid, '97e4f9bc-50d4-4fbf-8ed9-732671a4c36e'::uuid,
        ARRAY ['bfea9d7c-cadf-4053-94d6-1191d18a231b'::uuid, '81a4437a-25f1-4a43-8963-8bd0cca97528'::uuid]),
       (72, '2a5bd86b-6a12-4ea3-89f6-b4858f37f290'::uuid, '97e4f9bc-50d4-4fbf-8ed9-732671a4c36e'::uuid,
        ARRAY ['bfea9d7c-cadf-4053-94d6-1191d18a231b'::uuid, 'b831aacc-2600-4318-bc17-0cf8b5272c4c'::uuid]),
       (72, '2a5bd86b-6a12-4ea3-89f6-b4858f37f290'::uuid, '97e4f9bc-50d4-4fbf-8ed9-732671a4c36e'::uuid,
        ARRAY ['bfea9d7c-cadf-4053-94d6-1191d18a231b'::uuid, '25e715c4-7397-46f2-9ca1-2fafa5a4010c'::uuid]),
       (72, '2a5bd86b-6a12-4ea3-89f6-b4858f37f290'::uuid, '97e4f9bc-50d4-4fbf-8ed9-732671a4c36e'::uuid,
        ARRAY ['bfea9d7c-cadf-4053-94d6-1191d18a231b'::uuid, '6d404ddb-7ff4-4635-82f9-dd60428f909d'::uuid]),
       (72, '2a5bd86b-6a12-4ea3-89f6-b4858f37f290'::uuid, '97e4f9bc-50d4-4fbf-8ed9-732671a4c36e'::uuid,
        ARRAY ['bfea9d7c-cadf-4053-94d6-1191d18a231b'::uuid, 'da84df49-20a9-4c20-bff4-6c7ee5883fbe'::uuid]),
       (72, '2a5bd86b-6a12-4ea3-89f6-b4858f37f290'::uuid, '97e4f9bc-50d4-4fbf-8ed9-732671a4c36e'::uuid,
        ARRAY ['bfea9d7c-cadf-4053-94d6-1191d18a231b'::uuid, '7d78b616-d059-4635-bf47-00ff9c80775f'::uuid]),
       (72, '2a5bd86b-6a12-4ea3-89f6-b4858f37f290'::uuid, '97e4f9bc-50d4-4fbf-8ed9-732671a4c36e'::uuid,
        ARRAY ['bfea9d7c-cadf-4053-94d6-1191d18a231b'::uuid, '3ab0af55-8381-4139-9754-749b0fcd03f6'::uuid]),
       (72, '2a5bd86b-6a12-4ea3-89f6-b4858f37f290'::uuid, '97e4f9bc-50d4-4fbf-8ed9-732671a4c36e'::uuid,
        ARRAY ['bfea9d7c-cadf-4053-94d6-1191d18a231b'::uuid, 'd97e7129-204b-48e4-81da-78b42516d94e'::uuid]),
       (43, '2a5bd86b-6a12-4ea3-89f6-b4858f37f290'::uuid, '24014ef2-8f16-4ff6-8742-fff1005ae596'::uuid,
        ARRAY ['044d88b1-e9bb-48a5-b384-9f5717a635db'::uuid, 'a8064141-8df4-4823-9a11-21e47bd1dc89'::uuid]),
       (43, '2a5bd86b-6a12-4ea3-89f6-b4858f37f290'::uuid, '24014ef2-8f16-4ff6-8742-fff1005ae596'::uuid,
        ARRAY ['044d88b1-e9bb-48a5-b384-9f5717a635db'::uuid, '8f9c4bd7-29d2-458f-a351-c01bda602ab3'::uuid]),
       (43, '2a5bd86b-6a12-4ea3-89f6-b4858f37f290'::uuid, '24014ef2-8f16-4ff6-8742-fff1005ae596'::uuid,
        ARRAY ['044d88b1-e9bb-48a5-b384-9f5717a635db'::uuid, '7ae14a24-c21f-4ccd-80e4-029a30366ca1'::uuid]),
       (43, '2a5bd86b-6a12-4ea3-89f6-b4858f37f290'::uuid, '24014ef2-8f16-4ff6-8742-fff1005ae596'::uuid,
        ARRAY ['044d88b1-e9bb-48a5-b384-9f5717a635db'::uuid, 'f6819611-77b1-4e2d-aff5-b08f88fef8b0'::uuid]),
       (43, '2a5bd86b-6a12-4ea3-89f6-b4858f37f290'::uuid, '24014ef2-8f16-4ff6-8742-fff1005ae596'::uuid,
        ARRAY ['044d88b1-e9bb-48a5-b384-9f5717a635db'::uuid, '79299b56-592e-4245-8474-421829c4c791'::uuid]),
       (43, '2a5bd86b-6a12-4ea3-89f6-b4858f37f290'::uuid, '24014ef2-8f16-4ff6-8742-fff1005ae596'::uuid,
        ARRAY ['044d88b1-e9bb-48a5-b384-9f5717a635db'::uuid, '08791e69-ee05-4e71-93a9-a804f938cd3c'::uuid]),
       (43, '2a5bd86b-6a12-4ea3-89f6-b4858f37f290'::uuid, '24014ef2-8f16-4ff6-8742-fff1005ae596'::uuid,
        ARRAY ['044d88b1-e9bb-48a5-b384-9f5717a635db'::uuid, 'ed900edb-f623-4f23-9355-5519755af207'::uuid]),
       (43, '2a5bd86b-6a12-4ea3-89f6-b4858f37f290'::uuid, '24014ef2-8f16-4ff6-8742-fff1005ae596'::uuid,
        ARRAY ['044d88b1-e9bb-48a5-b384-9f5717a635db'::uuid, '97153476-06d7-41af-87ac-ca6217db894e'::uuid]),
       (43, '2a5bd86b-6a12-4ea3-89f6-b4858f37f290'::uuid, '24014ef2-8f16-4ff6-8742-fff1005ae596'::uuid,
        ARRAY ['044d88b1-e9bb-48a5-b384-9f5717a635db'::uuid, 'f0572473-4a9c-4043-ad82-8d82a0f1c73b'::uuid]),
       (43, '2a5bd86b-6a12-4ea3-89f6-b4858f37f290'::uuid, '24014ef2-8f16-4ff6-8742-fff1005ae596'::uuid,
        ARRAY ['044d88b1-e9bb-48a5-b384-9f5717a635db'::uuid, '962214da-390f-4c82-9849-73c37677b1b0'::uuid]),
       (43, '2a5bd86b-6a12-4ea3-89f6-b4858f37f290'::uuid, '24014ef2-8f16-4ff6-8742-fff1005ae596'::uuid,
        ARRAY ['044d88b1-e9bb-48a5-b384-9f5717a635db'::uuid, 'd92ea038-60d7-4c51-bf43-d99095891ddc'::uuid]),
       (43, '2a5bd86b-6a12-4ea3-89f6-b4858f37f290'::uuid, '24014ef2-8f16-4ff6-8742-fff1005ae596'::uuid,
        ARRAY ['044d88b1-e9bb-48a5-b384-9f5717a635db'::uuid, '04363d65-53fc-4a6a-b801-402f1b3e88d6'::uuid]),
       (47, '2a5bd86b-6a12-4ea3-89f6-b4858f37f290'::uuid, '24014ef2-8f16-4ff6-8742-fff1005ae596'::uuid,
        ARRAY ['2ffe4e4f-19c2-4405-acae-e33c78ca0d97'::uuid, 'a8064141-8df4-4823-9a11-21e47bd1dc89'::uuid]),
       (47, '2a5bd86b-6a12-4ea3-89f6-b4858f37f290'::uuid, '24014ef2-8f16-4ff6-8742-fff1005ae596'::uuid,
        ARRAY ['2ffe4e4f-19c2-4405-acae-e33c78ca0d97'::uuid, '8f9c4bd7-29d2-458f-a351-c01bda602ab3'::uuid]),
       (47, '2a5bd86b-6a12-4ea3-89f6-b4858f37f290'::uuid, '24014ef2-8f16-4ff6-8742-fff1005ae596'::uuid,
        ARRAY ['2ffe4e4f-19c2-4405-acae-e33c78ca0d97'::uuid, '7ae14a24-c21f-4ccd-80e4-029a30366ca1'::uuid]),
       (47, '2a5bd86b-6a12-4ea3-89f6-b4858f37f290'::uuid, '24014ef2-8f16-4ff6-8742-fff1005ae596'::uuid,
        ARRAY ['2ffe4e4f-19c2-4405-acae-e33c78ca0d97'::uuid, 'f6819611-77b1-4e2d-aff5-b08f88fef8b0'::uuid]),
       (47, '2a5bd86b-6a12-4ea3-89f6-b4858f37f290'::uuid, '24014ef2-8f16-4ff6-8742-fff1005ae596'::uuid,
        ARRAY ['2ffe4e4f-19c2-4405-acae-e33c78ca0d97'::uuid, '79299b56-592e-4245-8474-421829c4c791'::uuid]),
       (47, '2a5bd86b-6a12-4ea3-89f6-b4858f37f290'::uuid, '24014ef2-8f16-4ff6-8742-fff1005ae596'::uuid,
        ARRAY ['2ffe4e4f-19c2-4405-acae-e33c78ca0d97'::uuid, '08791e69-ee05-4e71-93a9-a804f938cd3c'::uuid]),
       (47, '2a5bd86b-6a12-4ea3-89f6-b4858f37f290'::uuid, '24014ef2-8f16-4ff6-8742-fff1005ae596'::uuid,
        ARRAY ['2ffe4e4f-19c2-4405-acae-e33c78ca0d97'::uuid, 'ed900edb-f623-4f23-9355-5519755af207'::uuid]),
       (47, '2a5bd86b-6a12-4ea3-89f6-b4858f37f290'::uuid, '24014ef2-8f16-4ff6-8742-fff1005ae596'::uuid,
        ARRAY ['2ffe4e4f-19c2-4405-acae-e33c78ca0d97'::uuid, '97153476-06d7-41af-87ac-ca6217db894e'::uuid]),
       (47, '2a5bd86b-6a12-4ea3-89f6-b4858f37f290'::uuid, '24014ef2-8f16-4ff6-8742-fff1005ae596'::uuid,
        ARRAY ['2ffe4e4f-19c2-4405-acae-e33c78ca0d97'::uuid, 'f0572473-4a9c-4043-ad82-8d82a0f1c73b'::uuid]),
       (47, '2a5bd86b-6a12-4ea3-89f6-b4858f37f290'::uuid, '24014ef2-8f16-4ff6-8742-fff1005ae596'::uuid,
        ARRAY ['2ffe4e4f-19c2-4405-acae-e33c78ca0d97'::uuid, '962214da-390f-4c82-9849-73c37677b1b0'::uuid]),
       (47, '2a5bd86b-6a12-4ea3-89f6-b4858f37f290'::uuid, '24014ef2-8f16-4ff6-8742-fff1005ae596'::uuid,
        ARRAY ['2ffe4e4f-19c2-4405-acae-e33c78ca0d97'::uuid, 'd92ea038-60d7-4c51-bf43-d99095891ddc'::uuid]),
       (47, '2a5bd86b-6a12-4ea3-89f6-b4858f37f290'::uuid, '24014ef2-8f16-4ff6-8742-fff1005ae596'::uuid,
        ARRAY ['2ffe4e4f-19c2-4405-acae-e33c78ca0d97'::uuid, '04363d65-53fc-4a6a-b801-402f1b3e88d6'::uuid]),
       (52, '2a5bd86b-6a12-4ea3-89f6-b4858f37f290'::uuid, '24014ef2-8f16-4ff6-8742-fff1005ae596'::uuid,
        ARRAY ['c87f0250-5f9f-4add-a0c7-915f6069873f'::uuid, 'a8064141-8df4-4823-9a11-21e47bd1dc89'::uuid]),
       (52, '2a5bd86b-6a12-4ea3-89f6-b4858f37f290'::uuid, '24014ef2-8f16-4ff6-8742-fff1005ae596'::uuid,
        ARRAY ['c87f0250-5f9f-4add-a0c7-915f6069873f'::uuid, '8f9c4bd7-29d2-458f-a351-c01bda602ab3'::uuid]),
       (52, '2a5bd86b-6a12-4ea3-89f6-b4858f37f290'::uuid, '24014ef2-8f16-4ff6-8742-fff1005ae596'::uuid,
        ARRAY ['c87f0250-5f9f-4add-a0c7-915f6069873f'::uuid, '7ae14a24-c21f-4ccd-80e4-029a30366ca1'::uuid]),
       (52, '2a5bd86b-6a12-4ea3-89f6-b4858f37f290'::uuid, '24014ef2-8f16-4ff6-8742-fff1005ae596'::uuid,
        ARRAY ['c87f0250-5f9f-4add-a0c7-915f6069873f'::uuid, 'f6819611-77b1-4e2d-aff5-b08f88fef8b0'::uuid]),
       (52, '2a5bd86b-6a12-4ea3-89f6-b4858f37f290'::uuid, '24014ef2-8f16-4ff6-8742-fff1005ae596'::uuid,
        ARRAY ['c87f0250-5f9f-4add-a0c7-915f6069873f'::uuid, '79299b56-592e-4245-8474-421829c4c791'::uuid]),
       (52, '2a5bd86b-6a12-4ea3-89f6-b4858f37f290'::uuid, '24014ef2-8f16-4ff6-8742-fff1005ae596'::uuid,
        ARRAY ['c87f0250-5f9f-4add-a0c7-915f6069873f'::uuid, '08791e69-ee05-4e71-93a9-a804f938cd3c'::uuid]),
       (52, '2a5bd86b-6a12-4ea3-89f6-b4858f37f290'::uuid, '24014ef2-8f16-4ff6-8742-fff1005ae596'::uuid,
        ARRAY ['c87f0250-5f9f-4add-a0c7-915f6069873f'::uuid, 'ed900edb-f623-4f23-9355-5519755af207'::uuid]),
       (52, '2a5bd86b-6a12-4ea3-89f6-b4858f37f290'::uuid, '24014ef2-8f16-4ff6-8742-fff1005ae596'::uuid,
        ARRAY ['c87f0250-5f9f-4add-a0c7-915f6069873f'::uuid, '97153476-06d7-41af-87ac-ca6217db894e'::uuid]),
       (52, '2a5bd86b-6a12-4ea3-89f6-b4858f37f290'::uuid, '24014ef2-8f16-4ff6-8742-fff1005ae596'::uuid,
        ARRAY ['c87f0250-5f9f-4add-a0c7-915f6069873f'::uuid, 'f0572473-4a9c-4043-ad82-8d82a0f1c73b'::uuid]),
       (52, '2a5bd86b-6a12-4ea3-89f6-b4858f37f290'::uuid, '24014ef2-8f16-4ff6-8742-fff1005ae596'::uuid,
        ARRAY ['c87f0250-5f9f-4add-a0c7-915f6069873f'::uuid, '962214da-390f-4c82-9849-73c37677b1b0'::uuid]),
       (52, '2a5bd86b-6a12-4ea3-89f6-b4858f37f290'::uuid, '24014ef2-8f16-4ff6-8742-fff1005ae596'::uuid,
        ARRAY ['c87f0250-5f9f-4add-a0c7-915f6069873f'::uuid, 'd92ea038-60d7-4c51-bf43-d99095891ddc'::uuid]),
       (52, '2a5bd86b-6a12-4ea3-89f6-b4858f37f290'::uuid, '24014ef2-8f16-4ff6-8742-fff1005ae596'::uuid,
        ARRAY ['c87f0250-5f9f-4add-a0c7-915f6069873f'::uuid, '04363d65-53fc-4a6a-b801-402f1b3e88d6'::uuid]),
       (57, '2a5bd86b-6a12-4ea3-89f6-b4858f37f290'::uuid, '24014ef2-8f16-4ff6-8742-fff1005ae596'::uuid,
        ARRAY ['81e9f290-bc9e-4c12-a45f-c23748468505'::uuid, 'a8064141-8df4-4823-9a11-21e47bd1dc89'::uuid]),
       (57, '2a5bd86b-6a12-4ea3-89f6-b4858f37f290'::uuid, '24014ef2-8f16-4ff6-8742-fff1005ae596'::uuid,
        ARRAY ['81e9f290-bc9e-4c12-a45f-c23748468505'::uuid, '8f9c4bd7-29d2-458f-a351-c01bda602ab3'::uuid]),
       (57, '2a5bd86b-6a12-4ea3-89f6-b4858f37f290'::uuid, '24014ef2-8f16-4ff6-8742-fff1005ae596'::uuid,
        ARRAY ['81e9f290-bc9e-4c12-a45f-c23748468505'::uuid, '7ae14a24-c21f-4ccd-80e4-029a30366ca1'::uuid]),
       (57, '2a5bd86b-6a12-4ea3-89f6-b4858f37f290'::uuid, '24014ef2-8f16-4ff6-8742-fff1005ae596'::uuid,
        ARRAY ['81e9f290-bc9e-4c12-a45f-c23748468505'::uuid, 'f6819611-77b1-4e2d-aff5-b08f88fef8b0'::uuid]),
       (57, '2a5bd86b-6a12-4ea3-89f6-b4858f37f290'::uuid, '24014ef2-8f16-4ff6-8742-fff1005ae596'::uuid,
        ARRAY ['81e9f290-bc9e-4c12-a45f-c23748468505'::uuid, '79299b56-592e-4245-8474-421829c4c791'::uuid]),
       (57, '2a5bd86b-6a12-4ea3-89f6-b4858f37f290'::uuid, '24014ef2-8f16-4ff6-8742-fff1005ae596'::uuid,
        ARRAY ['81e9f290-bc9e-4c12-a45f-c23748468505'::uuid, '08791e69-ee05-4e71-93a9-a804f938cd3c'::uuid]),
       (57, '2a5bd86b-6a12-4ea3-89f6-b4858f37f290'::uuid, '24014ef2-8f16-4ff6-8742-fff1005ae596'::uuid,
        ARRAY ['81e9f290-bc9e-4c12-a45f-c23748468505'::uuid, 'ed900edb-f623-4f23-9355-5519755af207'::uuid]),
       (57, '2a5bd86b-6a12-4ea3-89f6-b4858f37f290'::uuid, '24014ef2-8f16-4ff6-8742-fff1005ae596'::uuid,
        ARRAY ['81e9f290-bc9e-4c12-a45f-c23748468505'::uuid, '97153476-06d7-41af-87ac-ca6217db894e'::uuid]),
       (57, '2a5bd86b-6a12-4ea3-89f6-b4858f37f290'::uuid, '24014ef2-8f16-4ff6-8742-fff1005ae596'::uuid,
        ARRAY ['81e9f290-bc9e-4c12-a45f-c23748468505'::uuid, 'f0572473-4a9c-4043-ad82-8d82a0f1c73b'::uuid]),
       (57, '2a5bd86b-6a12-4ea3-89f6-b4858f37f290'::uuid, '24014ef2-8f16-4ff6-8742-fff1005ae596'::uuid,
        ARRAY ['81e9f290-bc9e-4c12-a45f-c23748468505'::uuid, '962214da-390f-4c82-9849-73c37677b1b0'::uuid]),
       (57, '2a5bd86b-6a12-4ea3-89f6-b4858f37f290'::uuid, '24014ef2-8f16-4ff6-8742-fff1005ae596'::uuid,
        ARRAY ['81e9f290-bc9e-4c12-a45f-c23748468505'::uuid, 'd92ea038-60d7-4c51-bf43-d99095891ddc'::uuid]),
       (57, '2a5bd86b-6a12-4ea3-89f6-b4858f37f290'::uuid, '24014ef2-8f16-4ff6-8742-fff1005ae596'::uuid,
        ARRAY ['81e9f290-bc9e-4c12-a45f-c23748468505'::uuid, '04363d65-53fc-4a6a-b801-402f1b3e88d6'::uuid]),
       (45, '2a5bd86b-6a12-4ea3-89f6-b4858f37f290'::uuid, '27dcb3dd-5174-41cc-882f-da9b5d4b15f4'::uuid,
        ARRAY ['044d88b1-e9bb-48a5-b384-9f5717a635db'::uuid, 'a8064141-8df4-4823-9a11-21e47bd1dc89'::uuid]),
       (45, '2a5bd86b-6a12-4ea3-89f6-b4858f37f290'::uuid, '27dcb3dd-5174-41cc-882f-da9b5d4b15f4'::uuid,
        ARRAY ['044d88b1-e9bb-48a5-b384-9f5717a635db'::uuid, '8f9c4bd7-29d2-458f-a351-c01bda602ab3'::uuid]),
       (45, '2a5bd86b-6a12-4ea3-89f6-b4858f37f290'::uuid, '27dcb3dd-5174-41cc-882f-da9b5d4b15f4'::uuid,
        ARRAY ['044d88b1-e9bb-48a5-b384-9f5717a635db'::uuid, '7ae14a24-c21f-4ccd-80e4-029a30366ca1'::uuid]),
       (45, '2a5bd86b-6a12-4ea3-89f6-b4858f37f290'::uuid, '27dcb3dd-5174-41cc-882f-da9b5d4b15f4'::uuid,
        ARRAY ['044d88b1-e9bb-48a5-b384-9f5717a635db'::uuid, 'f6819611-77b1-4e2d-aff5-b08f88fef8b0'::uuid]),
       (45, '2a5bd86b-6a12-4ea3-89f6-b4858f37f290'::uuid, '27dcb3dd-5174-41cc-882f-da9b5d4b15f4'::uuid,
        ARRAY ['044d88b1-e9bb-48a5-b384-9f5717a635db'::uuid, '79299b56-592e-4245-8474-421829c4c791'::uuid]),
       (45, '2a5bd86b-6a12-4ea3-89f6-b4858f37f290'::uuid, '27dcb3dd-5174-41cc-882f-da9b5d4b15f4'::uuid,
        ARRAY ['044d88b1-e9bb-48a5-b384-9f5717a635db'::uuid, '08791e69-ee05-4e71-93a9-a804f938cd3c'::uuid]),
       (45, '2a5bd86b-6a12-4ea3-89f6-b4858f37f290'::uuid, '27dcb3dd-5174-41cc-882f-da9b5d4b15f4'::uuid,
        ARRAY ['044d88b1-e9bb-48a5-b384-9f5717a635db'::uuid, 'ed900edb-f623-4f23-9355-5519755af207'::uuid]),
       (45, '2a5bd86b-6a12-4ea3-89f6-b4858f37f290'::uuid, '27dcb3dd-5174-41cc-882f-da9b5d4b15f4'::uuid,
        ARRAY ['044d88b1-e9bb-48a5-b384-9f5717a635db'::uuid, '97153476-06d7-41af-87ac-ca6217db894e'::uuid]),
       (45, '2a5bd86b-6a12-4ea3-89f6-b4858f37f290'::uuid, '27dcb3dd-5174-41cc-882f-da9b5d4b15f4'::uuid,
        ARRAY ['044d88b1-e9bb-48a5-b384-9f5717a635db'::uuid, 'f0572473-4a9c-4043-ad82-8d82a0f1c73b'::uuid]),
       (45, '2a5bd86b-6a12-4ea3-89f6-b4858f37f290'::uuid, '27dcb3dd-5174-41cc-882f-da9b5d4b15f4'::uuid,
        ARRAY ['044d88b1-e9bb-48a5-b384-9f5717a635db'::uuid, '962214da-390f-4c82-9849-73c37677b1b0'::uuid]),
       (45, '2a5bd86b-6a12-4ea3-89f6-b4858f37f290'::uuid, '27dcb3dd-5174-41cc-882f-da9b5d4b15f4'::uuid,
        ARRAY ['044d88b1-e9bb-48a5-b384-9f5717a635db'::uuid, 'd92ea038-60d7-4c51-bf43-d99095891ddc'::uuid]),
       (45, '2a5bd86b-6a12-4ea3-89f6-b4858f37f290'::uuid, '27dcb3dd-5174-41cc-882f-da9b5d4b15f4'::uuid,
        ARRAY ['044d88b1-e9bb-48a5-b384-9f5717a635db'::uuid, '04363d65-53fc-4a6a-b801-402f1b3e88d6'::uuid]),
       (48, '2a5bd86b-6a12-4ea3-89f6-b4858f37f290'::uuid, '27dcb3dd-5174-41cc-882f-da9b5d4b15f4'::uuid,
        ARRAY ['2ffe4e4f-19c2-4405-acae-e33c78ca0d97'::uuid, 'a8064141-8df4-4823-9a11-21e47bd1dc89'::uuid]),
       (48, '2a5bd86b-6a12-4ea3-89f6-b4858f37f290'::uuid, '27dcb3dd-5174-41cc-882f-da9b5d4b15f4'::uuid,
        ARRAY ['2ffe4e4f-19c2-4405-acae-e33c78ca0d97'::uuid, '8f9c4bd7-29d2-458f-a351-c01bda602ab3'::uuid]),
       (48, '2a5bd86b-6a12-4ea3-89f6-b4858f37f290'::uuid, '27dcb3dd-5174-41cc-882f-da9b5d4b15f4'::uuid,
        ARRAY ['2ffe4e4f-19c2-4405-acae-e33c78ca0d97'::uuid, '7ae14a24-c21f-4ccd-80e4-029a30366ca1'::uuid]),
       (48, '2a5bd86b-6a12-4ea3-89f6-b4858f37f290'::uuid, '27dcb3dd-5174-41cc-882f-da9b5d4b15f4'::uuid,
        ARRAY ['2ffe4e4f-19c2-4405-acae-e33c78ca0d97'::uuid, 'f6819611-77b1-4e2d-aff5-b08f88fef8b0'::uuid]),
       (48, '2a5bd86b-6a12-4ea3-89f6-b4858f37f290'::uuid, '27dcb3dd-5174-41cc-882f-da9b5d4b15f4'::uuid,
        ARRAY ['2ffe4e4f-19c2-4405-acae-e33c78ca0d97'::uuid, '79299b56-592e-4245-8474-421829c4c791'::uuid]),
       (48, '2a5bd86b-6a12-4ea3-89f6-b4858f37f290'::uuid, '27dcb3dd-5174-41cc-882f-da9b5d4b15f4'::uuid,
        ARRAY ['2ffe4e4f-19c2-4405-acae-e33c78ca0d97'::uuid, '08791e69-ee05-4e71-93a9-a804f938cd3c'::uuid]),
       (48, '2a5bd86b-6a12-4ea3-89f6-b4858f37f290'::uuid, '27dcb3dd-5174-41cc-882f-da9b5d4b15f4'::uuid,
        ARRAY ['2ffe4e4f-19c2-4405-acae-e33c78ca0d97'::uuid, 'ed900edb-f623-4f23-9355-5519755af207'::uuid]),
       (48, '2a5bd86b-6a12-4ea3-89f6-b4858f37f290'::uuid, '27dcb3dd-5174-41cc-882f-da9b5d4b15f4'::uuid,
        ARRAY ['2ffe4e4f-19c2-4405-acae-e33c78ca0d97'::uuid, '97153476-06d7-41af-87ac-ca6217db894e'::uuid]),
       (48, '2a5bd86b-6a12-4ea3-89f6-b4858f37f290'::uuid, '27dcb3dd-5174-41cc-882f-da9b5d4b15f4'::uuid,
        ARRAY ['2ffe4e4f-19c2-4405-acae-e33c78ca0d97'::uuid, 'f0572473-4a9c-4043-ad82-8d82a0f1c73b'::uuid]),
       (48, '2a5bd86b-6a12-4ea3-89f6-b4858f37f290'::uuid, '27dcb3dd-5174-41cc-882f-da9b5d4b15f4'::uuid,
        ARRAY ['2ffe4e4f-19c2-4405-acae-e33c78ca0d97'::uuid, '962214da-390f-4c82-9849-73c37677b1b0'::uuid]),
       (48, '2a5bd86b-6a12-4ea3-89f6-b4858f37f290'::uuid, '27dcb3dd-5174-41cc-882f-da9b5d4b15f4'::uuid,
        ARRAY ['2ffe4e4f-19c2-4405-acae-e33c78ca0d97'::uuid, 'd92ea038-60d7-4c51-bf43-d99095891ddc'::uuid]),
       (48, '2a5bd86b-6a12-4ea3-89f6-b4858f37f290'::uuid, '27dcb3dd-5174-41cc-882f-da9b5d4b15f4'::uuid,
        ARRAY ['2ffe4e4f-19c2-4405-acae-e33c78ca0d97'::uuid, '04363d65-53fc-4a6a-b801-402f1b3e88d6'::uuid]),
       (53, '2a5bd86b-6a12-4ea3-89f6-b4858f37f290'::uuid, '27dcb3dd-5174-41cc-882f-da9b5d4b15f4'::uuid,
        ARRAY ['c87f0250-5f9f-4add-a0c7-915f6069873f'::uuid, 'a8064141-8df4-4823-9a11-21e47bd1dc89'::uuid]),
       (53, '2a5bd86b-6a12-4ea3-89f6-b4858f37f290'::uuid, '27dcb3dd-5174-41cc-882f-da9b5d4b15f4'::uuid,
        ARRAY ['c87f0250-5f9f-4add-a0c7-915f6069873f'::uuid, '8f9c4bd7-29d2-458f-a351-c01bda602ab3'::uuid]),
       (53, '2a5bd86b-6a12-4ea3-89f6-b4858f37f290'::uuid, '27dcb3dd-5174-41cc-882f-da9b5d4b15f4'::uuid,
        ARRAY ['c87f0250-5f9f-4add-a0c7-915f6069873f'::uuid, '7ae14a24-c21f-4ccd-80e4-029a30366ca1'::uuid]),
       (53, '2a5bd86b-6a12-4ea3-89f6-b4858f37f290'::uuid, '27dcb3dd-5174-41cc-882f-da9b5d4b15f4'::uuid,
        ARRAY ['c87f0250-5f9f-4add-a0c7-915f6069873f'::uuid, 'f6819611-77b1-4e2d-aff5-b08f88fef8b0'::uuid]),
       (53, '2a5bd86b-6a12-4ea3-89f6-b4858f37f290'::uuid, '27dcb3dd-5174-41cc-882f-da9b5d4b15f4'::uuid,
        ARRAY ['c87f0250-5f9f-4add-a0c7-915f6069873f'::uuid, '79299b56-592e-4245-8474-421829c4c791'::uuid]),
       (53, '2a5bd86b-6a12-4ea3-89f6-b4858f37f290'::uuid, '27dcb3dd-5174-41cc-882f-da9b5d4b15f4'::uuid,
        ARRAY ['c87f0250-5f9f-4add-a0c7-915f6069873f'::uuid, '08791e69-ee05-4e71-93a9-a804f938cd3c'::uuid]),
       (53, '2a5bd86b-6a12-4ea3-89f6-b4858f37f290'::uuid, '27dcb3dd-5174-41cc-882f-da9b5d4b15f4'::uuid,
        ARRAY ['c87f0250-5f9f-4add-a0c7-915f6069873f'::uuid, 'ed900edb-f623-4f23-9355-5519755af207'::uuid]),
       (53, '2a5bd86b-6a12-4ea3-89f6-b4858f37f290'::uuid, '27dcb3dd-5174-41cc-882f-da9b5d4b15f4'::uuid,
        ARRAY ['c87f0250-5f9f-4add-a0c7-915f6069873f'::uuid, '97153476-06d7-41af-87ac-ca6217db894e'::uuid]),
       (53, '2a5bd86b-6a12-4ea3-89f6-b4858f37f290'::uuid, '27dcb3dd-5174-41cc-882f-da9b5d4b15f4'::uuid,
        ARRAY ['c87f0250-5f9f-4add-a0c7-915f6069873f'::uuid, 'f0572473-4a9c-4043-ad82-8d82a0f1c73b'::uuid]),
       (53, '2a5bd86b-6a12-4ea3-89f6-b4858f37f290'::uuid, '27dcb3dd-5174-41cc-882f-da9b5d4b15f4'::uuid,
        ARRAY ['c87f0250-5f9f-4add-a0c7-915f6069873f'::uuid, '962214da-390f-4c82-9849-73c37677b1b0'::uuid]),
       (53, '2a5bd86b-6a12-4ea3-89f6-b4858f37f290'::uuid, '27dcb3dd-5174-41cc-882f-da9b5d4b15f4'::uuid,
        ARRAY ['c87f0250-5f9f-4add-a0c7-915f6069873f'::uuid, 'd92ea038-60d7-4c51-bf43-d99095891ddc'::uuid]),
       (53, '2a5bd86b-6a12-4ea3-89f6-b4858f37f290'::uuid, '27dcb3dd-5174-41cc-882f-da9b5d4b15f4'::uuid,
        ARRAY ['c87f0250-5f9f-4add-a0c7-915f6069873f'::uuid, '04363d65-53fc-4a6a-b801-402f1b3e88d6'::uuid]),
       (58, '2a5bd86b-6a12-4ea3-89f6-b4858f37f290'::uuid, '27dcb3dd-5174-41cc-882f-da9b5d4b15f4'::uuid,
        ARRAY ['81e9f290-bc9e-4c12-a45f-c23748468505'::uuid, 'a8064141-8df4-4823-9a11-21e47bd1dc89'::uuid]),
       (58, '2a5bd86b-6a12-4ea3-89f6-b4858f37f290'::uuid, '27dcb3dd-5174-41cc-882f-da9b5d4b15f4'::uuid,
        ARRAY ['81e9f290-bc9e-4c12-a45f-c23748468505'::uuid, '8f9c4bd7-29d2-458f-a351-c01bda602ab3'::uuid]),
       (58, '2a5bd86b-6a12-4ea3-89f6-b4858f37f290'::uuid, '27dcb3dd-5174-41cc-882f-da9b5d4b15f4'::uuid,
        ARRAY ['81e9f290-bc9e-4c12-a45f-c23748468505'::uuid, '7ae14a24-c21f-4ccd-80e4-029a30366ca1'::uuid]),
       (58, '2a5bd86b-6a12-4ea3-89f6-b4858f37f290'::uuid, '27dcb3dd-5174-41cc-882f-da9b5d4b15f4'::uuid,
        ARRAY ['81e9f290-bc9e-4c12-a45f-c23748468505'::uuid, 'f6819611-77b1-4e2d-aff5-b08f88fef8b0'::uuid]),
       (58, '2a5bd86b-6a12-4ea3-89f6-b4858f37f290'::uuid, '27dcb3dd-5174-41cc-882f-da9b5d4b15f4'::uuid,
        ARRAY ['81e9f290-bc9e-4c12-a45f-c23748468505'::uuid, '79299b56-592e-4245-8474-421829c4c791'::uuid]),
       (58, '2a5bd86b-6a12-4ea3-89f6-b4858f37f290'::uuid, '27dcb3dd-5174-41cc-882f-da9b5d4b15f4'::uuid,
        ARRAY ['81e9f290-bc9e-4c12-a45f-c23748468505'::uuid, '08791e69-ee05-4e71-93a9-a804f938cd3c'::uuid]),
       (58, '2a5bd86b-6a12-4ea3-89f6-b4858f37f290'::uuid, '27dcb3dd-5174-41cc-882f-da9b5d4b15f4'::uuid,
        ARRAY ['81e9f290-bc9e-4c12-a45f-c23748468505'::uuid, 'ed900edb-f623-4f23-9355-5519755af207'::uuid]),
       (58, '2a5bd86b-6a12-4ea3-89f6-b4858f37f290'::uuid, '27dcb3dd-5174-41cc-882f-da9b5d4b15f4'::uuid,
        ARRAY ['81e9f290-bc9e-4c12-a45f-c23748468505'::uuid, '97153476-06d7-41af-87ac-ca6217db894e'::uuid]),
       (58, '2a5bd86b-6a12-4ea3-89f6-b4858f37f290'::uuid, '27dcb3dd-5174-41cc-882f-da9b5d4b15f4'::uuid,
        ARRAY ['81e9f290-bc9e-4c12-a45f-c23748468505'::uuid, 'f0572473-4a9c-4043-ad82-8d82a0f1c73b'::uuid]),
       (58, '2a5bd86b-6a12-4ea3-89f6-b4858f37f290'::uuid, '27dcb3dd-5174-41cc-882f-da9b5d4b15f4'::uuid,
        ARRAY ['81e9f290-bc9e-4c12-a45f-c23748468505'::uuid, '962214da-390f-4c82-9849-73c37677b1b0'::uuid]),
       (58, '2a5bd86b-6a12-4ea3-89f6-b4858f37f290'::uuid, '27dcb3dd-5174-41cc-882f-da9b5d4b15f4'::uuid,
        ARRAY ['81e9f290-bc9e-4c12-a45f-c23748468505'::uuid, 'd92ea038-60d7-4c51-bf43-d99095891ddc'::uuid]),
       (58, '2a5bd86b-6a12-4ea3-89f6-b4858f37f290'::uuid, '27dcb3dd-5174-41cc-882f-da9b5d4b15f4'::uuid,
        ARRAY ['81e9f290-bc9e-4c12-a45f-c23748468505'::uuid, '04363d65-53fc-4a6a-b801-402f1b3e88d6'::uuid])